mid,汽车品牌,详细车型,车型ID
2,奔驰,AMG ONE,amgone
2,奔驰,Metris,metris
2,奔驰,PureSpeed,purespeed
2,奔驰,Vision One-Eleven,visiononeeleven
2,奔驰,Vision V,visionv
2,奔驰,奔驰A级,benchiaji-5381
2,奔驰,奔驰A级 AMG,amgaji
2,奔驰,奔驰A级 AMG(进口),benchiajiamg
2,奔驰,奔驰CLA,benchicla-12241
2,奔驰,奔驰CLA AMG,benchiclajiamg
2,奔驰,奔驰CLA(进口),benchicla
2,奔驰,奔驰CLA新能源,benchiclajixinnengyuan
2,奔驰,奔驰CLA新能源(进口),benchiclajichadianhundong
2,奔驰,奔驰CLE,benchicleji
2,奔驰,奔驰CLE AMG,benchicleamg
2,奔驰,奔驰C级,benchicji-2364
2,奔驰,奔驰C级 AMG,benchicjiamg
2,奔驰,奔驰C级 AMG新能源,benchicjiamgxinnengyuan
2,奔驰,奔驰C级 插电混动,benchicjichadianhundong
2,奔驰,奔驰EQA,benchieqa-7520
2,奔驰,奔驰EQA(海外),benchieqa
2,奔驰,奔驰EQB,benchieqb-7521
2,奔驰,奔驰EQB(海外),benchieqb
2,奔驰,奔驰EQE,benchieqe-8271
2,奔驰,奔驰EQE AMG,benchieqeamg
2,奔驰,奔驰EQE SUV,eqesuv
2,奔驰,奔驰EQE SUV AMG,benchieqesuvamg
2,奔驰,奔驰EQE SUV(海外),benchieqesuv
2,奔驰,奔驰EQE(海外),benchieqe
2,奔驰,奔驰EQS,benchieqs
2,奔驰,奔驰EQS AMG,amgeqs
2,奔驰,奔驰EQS SUV,benchieqssuv
2,奔驰,奔驰EQV,benchieqv
2,奔驰,奔驰E级,benchieji
2,奔驰,奔驰E级 AMG,benchiejiamg
2,奔驰,奔驰E级 AMG新能源,benchiejiamgxinnengyuan
2,奔驰,奔驰E级 插电混动(进口),benchiejichadianhundongjinkou
2,奔驰,奔驰E级(进口),xinejijiaoche
2,奔驰,奔驰GLA,benchiglaji
2,奔驰,奔驰GLA AMG,benchiglajiamg
2,奔驰,奔驰GLB,benchiglbji
2,奔驰,奔驰GLB AMG,amgglb
2,奔驰,奔驰GLC,benchiglcji
2,奔驰,奔驰GLC AMG,benchiglcjiamg
2,奔驰,奔驰GLC AMG新能源,benchiglcamgxinnengyuan
2,奔驰,奔驰GLC新能源,benchiglcchadianhundong
2,奔驰,奔驰GLC新能源(进口),glcjichadianhundong
2,奔驰,奔驰GLC轿跑,benchiglccoupe
2,奔驰,奔驰GLC轿跑 AMG,benchiglcjiaopaoamg
2,奔驰,奔驰GLC轿跑 插电混动,benchiglcjiaopaochadianhundong
2,奔驰,奔驰GLE,benchigle
2,奔驰,奔驰GLE AMG,benchiglejiamg
2,奔驰,奔驰GLE 插电混动,glejichadianhundong
2,奔驰,奔驰GLE(进口),benchiglecoupe
2,奔驰,奔驰GLE轿跑,benchiglejiaopao
2,奔驰,奔驰GLE轿跑 AMG,benchiglejiaopaoamg
2,奔驰,奔驰GLS,benchiglsjijinkou
2,奔驰,奔驰GLS AMG,benchiglsjiamg
2,奔驰,奔驰GT AMG,benchiamggt
2,奔驰,奔驰GT AMG XX,benchigtamgxx
2,奔驰,奔驰GT AMG新能源,benchigtamgchadianhundong
2,奔驰,奔驰G级,benchigji
2,奔驰,奔驰G级 AMG,benchigjiamg
2,奔驰,奔驰SL AMG,sljiamg
2,奔驰,奔驰SL AMG新能源,benchisljiamgxinnengyuan
2,奔驰,奔驰S级,benchisji
2,奔驰,奔驰S级 AMG新能源,benchisjiamgxinnengyuan
2,奔驰,奔驰S级 插电混动,benchisjichadianhundong
2,奔驰,奔驰T级,benchitji
2,奔驰,奔驰VISION EQXX,benchivisioneqxx
2,奔驰,奔驰VLE,benchivle-12379
2,奔驰,奔驰VLE(海外),benchivle
2,奔驰,奔驰V级,vclass
2,奔驰,奔驰g级新能源,benchigjixinnengyuan
2,奔驰,奔驰纯电G级,benchieqg
2,奔驰,威霆,weiting-3038
2,奔驰,迈巴赫EQS SUV,maibaheeqssuv
2,奔驰,迈巴赫GLS,maibaheglsji
2,奔驰,迈巴赫SL级,maibaheslji
2,奔驰,迈巴赫S级,maibahesji
2,奔驰,迈巴赫S级 插电混动,maibahesjichadianhundong
3,宝马,Skytop,skytop
3,宝马,宝马2系,baoma2xi-11193
3,宝马,宝马2系(进口),baoma2xi
3,宝马,宝马3系,baoma3xi
3,宝马,宝马4系,4xi
3,宝马,宝马5系,baoma5xichangzhoujuban
3,宝马,宝马5系 插电混动(进口),5xichadianhundongjinkou
3,宝马,宝马5系(进口),baoma5xi-2034
3,宝马,宝马7系,baoma7xi
3,宝马,宝马7系 插电混动,baoma7xichadianhundong
3,宝马,宝马8系,baoma8xi
3,宝马,宝马M2,baomam2
3,宝马,宝马M3,baomam3
3,宝马,宝马M4,baomam4
3,宝马,宝马M5新能源,baomam5xinnengyuan
3,宝马,宝马Vision Driving Experience,visiondrivingexperience
3,宝马,宝马Vision Neue Klasse,bmwvisionneueklass
3,宝马,宝马Vision Neue Klasse X,baomaxinshidaisuv
3,宝马,宝马X1,huachenbaomax1
3,宝马,宝马X1(进口),baomax1
3,宝马,宝马X2(进口),baomax2-5246
3,宝马,宝马X3,baomax3-5301
3,宝马,宝马X3 M,baomax3m
3,宝马,宝马X3 插电混动(进口),baomax3chadianhundong
3,宝马,宝马X3(进口),baomax3
3,宝马,宝马X4,x4
3,宝马,宝马X4 M,baomax4m
3,宝马,宝马X5,baomax5-8108
3,宝马,宝马X5 M,baomax5m
3,宝马,宝马X5 插电混动(进口),baomax5chadianhundong
3,宝马,宝马X5(进口),baomax5
3,宝马,宝马X6,baomax6
3,宝马,宝马X6 M,baomax6m
3,宝马,宝马X7,baomax7
3,宝马,宝马XM,baomaxm
3,宝马,宝马i Vision Dee,bmwivisiondee
3,宝马,宝马i3,baomai3-8107
3,宝马,宝马i3(海外),baomai3haiwai
3,宝马,宝马i4,baomai4
3,宝马,宝马i5,baomai5-10419
3,宝马,宝马i5(进口),baomai5-8045
3,宝马,宝马i7,baomai7-8095
3,宝马,宝马iX,baomainext
3,宝马,宝马iX1,baomaix1-9962
3,宝马,宝马iX1(海外),baomaix1-8396
3,宝马,宝马iX2,baomaix2
3,宝马,宝马iX3,baomaix3-6731
3,宝马,宝马iX3(海外),baomaix3
3,宝马,宝马iX5,baomaix5
4,Jeep,Avenger新能源,avenger
4,Jeep,Wagoneer S,wagoneer
4,Jeep,大切诺基4xe,daqienuojiphevjinkou
4,Jeep,牧马人,jipumumaren
4,Jeep,牧马人4xe,mumarenphev
4,Jeep,角斗士,jeepgladiator
5,标致,标致4008,biaozhi4008-4866
5,标致,标致408,408sanxiang
5,标致,标致408X,408x
5,标致,标致5008,biaozhi5008-5085
5,标致,标致508L,biaozhi508l
5,标致,标致9X8,biaozhi9x8
5,标致,标致E-308,e308
5,标致,标致E-408(海外),biaozhie408haiwai
5,标致,标致Inception,biaozhiinception
5,标致,标致Polygon,biaozhipolygon
5,标致,标致e3008,biaozhie3008
5,标致,标致e408,biaozhie408
5,标致,标致e5008,biaozhie5008
6,雪铁龙,凡尔赛C5 X,fanersaic5x
6,雪铁龙,天逸 C5 AIRCROSS,c5aircross
6,雪铁龙,雪铁龙19_19,xuetielong1919
6,雪铁龙,雪铁龙C4X,xuetielongc4x
6,雪铁龙,雪铁龙C5 AIRCROSS(海外),xuetielongc5aircross
6,雪铁龙,雪铁龙ELO,elo
6,雪铁龙,雪铁龙ami,xuetielongami
6,雪铁龙,雪铁龙ë-C3 AIRCROSS,ec3
6,雪铁龙,雪铁龙ë-C4,xuetielongc4-6834
7,丰田,4Runner,fengtian4runner-6068
7,丰田,Agya,agya
7,丰田,C-HR 插电混动,chrchadianhundong
7,丰田,Granvia(海外),fengtiangranvia
7,丰田,HIACE,fengtianhaishi
7,丰田,Hilux,hailakesi-2813
7,丰田,Mirai,fengtianmirai
7,丰田,RAV4荣放,yiqifengtianrav4
7,丰田,SUPRA,fengtiansupra
7,丰田,Sienna,fengtiansaina
7,丰田,Tacoma,takematacoma
7,丰田,Urban Cruiser EV,urbansuv
7,丰田,bZ FlexSpace,bzflexspaceconcept
7,丰田,bZ Sport Crossover,bzsportcrossover
7,丰田,丰田86,fengtiangt86
7,丰田,丰田C-HR新能源(海外),chr
7,丰田,丰田COMS,fengtiancoms
7,丰田,丰田FT-3e,fengtianft3e
7,丰田,丰田FT-Me,ftmeconcept
7,丰田,丰田FT-Se,fengtianftse
7,丰田,丰田GR YARIS,gryaris
7,丰田,丰田GR 世极,fengtiangrshiji
7,丰田,丰田GR 卡罗拉,fengtiangrkaluola
7,丰田,丰田bZ3,yiqifengtianbz3
7,丰田,丰田bZ4X(海外),bz4x
7,丰田,丰田bZ5,yiqifengtianbz3c
7,丰田,丰田e-Palette,fengtianepalette
7,丰田,亚洲龙,fengtianavalon
7,丰田,兰德酷路泽(进口),fengtianludixunyangjian
7,丰田,凌尚,lingshang
7,丰田,凯美瑞,kaimeirui
7,丰田,凯美瑞(进口),fengtianjiamei
7,丰田,卡罗拉,kaluola
7,丰田,卡罗拉(海外),kaluolahaiwai
7,丰田,卡罗拉Cross(海外),kaluolacross
7,丰田,卡罗拉锐放,kaluolacross-7750
7,丰田,坦途,fengtianpika
7,丰田,埃尔法,alphard
7,丰田,埃尔法新能源,aierfaxinnengyuan
7,丰田,威兰达,weilanda
7,丰田,威兰达 插电混动,weilandaphev
7,丰田,威尔法,weierfashuangqing
7,丰田,威尔法新能源,weierfachadianhundong
7,丰田,威飒,venza-7660
7,丰田,普拉多,puladuo
7,丰田,普拉多(进口),fengtianpuladuo
7,丰田,普锐斯(海外),puruisihaiwai
7,丰田,柯斯达,fengtiankesida
7,丰田,柯斯达氢擎,kesidaqingqing
7,丰田,格瑞维亚,granvia
7,丰田,汉兰达,hanlanda
7,丰田,皇冠,xinhuangguan
7,丰田,皇冠(进口),huangguanjinkou
7,丰田,皇冠SPORT,huangguansports
7,丰田,皇冠SPORT新能源,huangguansportschadianhundong
7,丰田,皇冠陆放,huangguanlufang
7,丰田,红杉,fengtianhongshansequoia
7,丰田,赛那,saina-7574
7,丰田,铂智3X,guangqifengtianbozhi3x
7,丰田,铂智4X,fengtianbz4x
7,丰田,铂智7,guangqifengtianbozhi7gainianche
7,丰田,锋兰达,fenglanda
7,丰田,雷凌,levin
8,大众,Crafter,crafter
8,大众,ID. Buzz,idbuzz
8,大众,ID. CODE,idcode
8,大众,ID.4 CROZZ,dazhongid4-6835
8,大众,ID.4 X,dazhongid-6208
8,大众,ID.6 X,id6x
8,大众,ID.7 S,id7s
8,大众,ID.7 VIZZION,id7
8,大众,ID.AERO,aerob
8,大众,ID.AURA,idaura
8,大众,ID.AURA T6,idaurat6
8,大众,ID.ERA 5S,idera5s
8,大众,ID.ERA 9X,idera
8,大众,ID.EVERY 1,idone
8,大众,ID.EVO,idevo
8,大众,ID.GTI,idgti
8,大众,Jetta,jetta-6781
8,大众,Passat 插电混动,passatchadianhundong
8,大众,Polo,boluo
8,大众,T-ROC(海外),dazhongtrochaiwai
8,大众,Tiguan,dazhongtiguan
8,大众,Tiguan 插电混动,tiguanchadianhundong
8,大众,Transporter,transporter
8,大众,一汽-大众CC,cc-2932
8,大众,与众06,idunyx
8,大众,与众07,yuzhong07
8,大众,与众08,yuzhong08
8,大众,与众09,yuzhong09
8,大众,凌渡,lingdu
8,大众,大众California,dazhongcalifornia
8,大众,大众ID. CROSS,dazhongidcross
8,大众,大众ID.3,id3
8,大众,大众ID.3(海外),dazhongid
8,大众,大众ID.4(海外),dazhongid4
8,大众,大众ID.5,dazhongid5
8,大众,大众ID.7(进口),dazhongid7
8,大众,大众ID.Polo,id2all
8,大众,威然,dazhongviloran
8,大众,宝来,xinbaolai
8,大众,帕萨特,pasate
8,大众,帕萨特 插电混动,pasatechadianhundong
8,大众,探岳,tanrong
8,大众,探岳(海外),tanyuehaiwai
8,大众,探岳PHEV,tanyuegte
8,大众,探岳X,tanyuex
8,大众,探岳新能源(海外),tanyueehybrid
8,大众,探歌,dazhongtroc
8,大众,揽境,yiqidazhongsmv
8,大众,揽巡,tavendor
8,大众,朗逸,langyi
8,大众,迈腾,maiteng
8,大众,迈腾PHEV,maitenggte
8,大众,途安L,tuanl
8,大众,途岳,tharu
8,大众,途昂,teramont
8,大众,途观L,tuguanl
8,大众,途观L 插电混动,tuguanlchadianhundong
8,大众,途锐,dazhongturui
8,大众,速腾,suteng
8,大众,高尔夫,gaoerfu6dai
8,大众,高尔夫 插电混动(进口),gaoerfuchadianhundong
8,大众,高尔夫(进口),gaoerfu-3509
8,大众,高尔夫GTI,gaoerfugti-11203
9,奥迪,Activesphere,activesphere
9,奥迪,奥迪A3,aodia3-3999
9,奥迪,奥迪A4(进口),aodia4-2075
9,奥迪,奥迪A4L,quanxinaodia4l
9,奥迪,奥迪A5,aodia5
9,奥迪,奥迪A5L,aodia5l
9,奥迪,奥迪A5L Sportback,shangqiaodia5l
9,奥迪,奥迪A6,aodia6
9,奥迪,奥迪A6 e-tron(进口),aodia6etron
9,奥迪,奥迪A6L,xinaodia6l
9,奥迪,奥迪A6L e-tron,a6etron
9,奥迪,奥迪A7,aodia7
9,奥迪,奥迪A7L,aodia7l
9,奥迪,奥迪A8,aodia8l
9,奥迪,奥迪C概念车,aodicgainianche
9,奥迪,奥迪F1概念车,aodif1gainianche
9,奥迪,奥迪Q2L,aodiq2haiwai
9,奥迪,奥迪Q3,aodiq3haiwai
9,奥迪,奥迪Q3 Sportback,aodiq3sportback
9,奥迪,奥迪Q3(进口),aodiq3
9,奥迪,奥迪Q3新能源,aodiq3xinnengyuan
9,奥迪,奥迪Q4 e-tron,aodiq4-5786
9,奥迪,奥迪Q4 e-tron(海外),aodiq4etron
9,奥迪,奥迪Q5 Sportback,aodiq5sportback
9,奥迪,奥迪Q5 e-tron,audiconceptshanghai
9,奥迪,奥迪Q5(进口),aodiq5
9,奥迪,奥迪Q5L,aodiq5l
9,奥迪,奥迪Q5L Sportback,aodiq5lsportback
9,奥迪,奥迪Q6,aodiq6-8014
9,奥迪,奥迪Q6 Sportback e-tron,aodiq6etronsportback
9,奥迪,奥迪Q6 e-tron,aodiq6etron
9,奥迪,奥迪Q6L Sportback e-tron,aodiq6letronsportback
9,奥迪,奥迪Q6L e-tron,aodiq6etron-10046
9,奥迪,奥迪Q7,aodiq7
9,奥迪,奥迪Q8,aodiq8
9,奥迪,奥迪Q8 e-tron,aodiq8etron
9,奥迪,奥迪RS 3,aodirs3-5206
9,奥迪,奥迪RS 4,aodirs4
9,奥迪,奥迪RS 5,rs5
9,奥迪,奥迪RS 6,rs6
9,奥迪,奥迪RS 7,aodirs7
9,奥迪,奥迪RS Q e-tron,aodirsqetron
9,奥迪,奥迪RS Q3,aodirsq3-6064
9,奥迪,奥迪RS Q8,aodirsq8
9,奥迪,奥迪S e-tron GT,aodisetrongt
9,奥迪,奥迪S4,s4
9,奥迪,奥迪S5,aodis5
9,奥迪,奥迪S6,aodis6haiwai
9,奥迪,奥迪S6 e-tron,aodis6etron
9,奥迪,奥迪S7,aodis7haiwai
9,奥迪,奥迪S8,aodis8
9,奥迪,奥迪SQ5,aodisq5
9,奥迪,奥迪SQ5 Sportback,aodisq5sportback
9,奥迪,奥迪SQ6 e-tron,aodisq6etron
9,奥迪,奥迪SQ7,aodisq7-5958
9,奥迪,奥迪SQ8,aodisq8
9,奥迪,奥迪TT RS,aodittrs
10,斯柯达,ELROQ,elroq
10,斯柯达,ENYAQ iV,enyaqiv
10,斯柯达,斯柯达Epiq,sikedaepiq
10,斯柯达,明锐,mingrui
10,斯柯达,明锐(进口),mingruicombi
10,斯柯达,晶锐(海外),sikedafabiya
10,斯柯达,柯珞克,karoq
10,斯柯达,柯米克,kamiq
10,斯柯达,柯米克(海外),sikedakamiq
10,斯柯达,柯迪亚克,visions
10,斯柯达,柯迪亚克(海外),kediyakehaiwai
10,斯柯达,柯迪亚克GT,kediyakegt
10,斯柯达,速派,supai
10,斯柯达,速派(海外),supaihaiwai
13,现代,Crater,craterconcept
13,现代,EO 羿欧,xiandaichundiansuv
13,现代,Earth Concect,earthconcect
13,现代,IONIQ 3,ioniqainike3
13,现代,IONIQ 5,ioniq5
13,现代,IONIQ 5 N(艾尼氪5N),ioniq5n
13,现代,IONIQ 6,ioniqainike6
13,现代,IONIQ 9,ioniqainike9
13,现代,IONIQ(艾尼氪)V,ioniqainikev
13,现代,IONIQ(艾尼氪)V(海外),venusconcept
13,现代,Initium,initium
13,现代,KONA N,konan
13,现代,N Vision 74,nvision74
13,现代,Nexo,nexo-6066
13,现代,Pony,pony
13,现代,伊兰特,yilantesanxiang
13,现代,伊兰特Elantra N,yilanteelantran
13,现代,创虎,chuanghu
13,现代,帕里斯帝,xiandaipalisade
13,现代,库斯途,custo
13,现代,泓图,hongtu
13,现代,泓图EV,hongtuev
13,现代,现代RN22e,xiandairn22e
13,现代,现代ix35,xintusheng-2874
13,现代,盛图,shengtu
13,现代,索纳塔,suonatajiu
13,现代,索纳塔(进口),xiandaisuonata
13,现代,胜达,xinshengda
13,现代,胜达(进口),xiandaixinshengda
13,现代,途胜,tusheng
13,现代,雅尊,xiandaiyazun
14,北京汽车制造厂,212经典,beiqi212xilie
14,北京汽车制造厂,vala pro,vala
14,北京汽车制造厂,勇士,yongshi-5402
14,北京汽车制造厂,勇士皮卡,yongshi
14,北京汽车制造厂,北汽L2H,beiqil2h
14,北京汽车制造厂,北汽L6H,beiqil6h
14,北京汽车制造厂,北汽L7H,beiqil7h
14,北京汽车制造厂,卡路里,kaluli
14,北京汽车制造厂,嫦娥MINIEV,changeminiev
14,北京汽车制造厂,锐胜M8,ruishengm8
14,北京汽车制造厂,锐胜M8新能源,ruishengm8xinnengyuan
14,北京汽车制造厂,锐胜王牌M7,beiqizhizaom7-9547
14,北京汽车制造厂,锐胜王牌M7新能源,wangpaim7xinnengyuan
15,比亚迪,元PLUS,yuanplus
15,比亚迪,元UP,yuanup
15,比亚迪,唐,tangev
15,比亚迪,唐L,tangl
15,比亚迪,夏,wangchaowangmpv
15,比亚迪,大唐,wangchaodjisuv
15,比亚迪,大汉,han9
15,比亚迪,宋L DM-i,songldmi
15,比亚迪,宋L EV,biyadibjichundiansuv
15,比亚迪,宋Pro,songproev
15,比亚迪,宋Ultra,songultra
15,比亚迪,护卫舰07,huweijian07
15,比亚迪,比亚迪D1,biyadid1
15,比亚迪,比亚迪M9,biyadim9
15,比亚迪,比亚迪OCEAN-M,haiyanggainianche
15,比亚迪,比亚迪OCEAN-S,biyadioceans
15,比亚迪,比亚迪T4,biyadit4
15,比亚迪,比亚迪T5,biyadit5
15,比亚迪,比亚迪V3,biyadiv3
15,比亚迪,比亚迪e2,biyadie2
15,比亚迪,比亚迪e3,biyadie3
15,比亚迪,比亚迪e6,e6
15,比亚迪,比亚迪e7,biyadie7
15,比亚迪,比亚迪e9,biyadie9
15,比亚迪,汉,han
15,比亚迪,汉L,hanl
15,比亚迪,海狮05DM-i,haishi05
15,比亚迪,海狮05EV,haishi05ev
15,比亚迪,海狮06,haishi06ev
15,比亚迪,海狮07DM-i,haishi07dmi
15,比亚迪,海狮07EV,biyadihaishi
15,比亚迪,海狮08,haishi08
15,比亚迪,海豚,biyadiea1
15,比亚迪,海豹,oceanx
15,比亚迪,海豹05DM-i,haibao05
15,比亚迪,海豹06,haibao06
15,比亚迪,海豹06DM-i旅行版,haibao06lvxingban
15,比亚迪,海豹06GT,haibaox
15,比亚迪,海豹07DM-i,haibao07
15,比亚迪,海豹07EV,haibao07ev
15,比亚迪,海豹08,haibao08
15,比亚迪,海鸥,haiou
15,比亚迪,秦,qinev300
15,比亚迪,秦L,qinl
15,比亚迪,秦MAX,qinmax
15,比亚迪,秦PLUS,qinplusdm
15,比亚迪,驱逐舰05,biyadif5
16,铃木,Baleno,baleno
16,铃木,Dzire,dzire
16,铃木,Spacia,spacia
16,铃木,吉姆尼,jimuni
16,铃木,速翼特,yuyanjinkou
16,铃木,铃木e Vitara,lingmuevitara
16,铃木,铃木eVX,lingmuevx
17,福特,Bronco Sport,broncosport
17,福特,Bronco(海外),futebroncohaiwai
17,福特,Capri,capri
17,福特,E-Tourneo Courier,etourneocourier
17,福特,E全顺,quanshunev
17,福特,Maverick,maverick
17,福特,Mustang,futeyema
17,福特,PUMA,futepumahaiwai
17,福特,PUMA GEN-E,pumagene
17,福特,全顺,futexinquanshun
17,福特,全顺T8,quanshunt8
17,福特,探险者,tanxianzhe
17,福特,探险者(进口),futetansuozhe
17,福特,探险者EV,tanxianzheev
17,福特,游骑侠Ranger,ranger
17,福特,福特F-150,tianxiezuo
17,福特,福特F-150 纯电动,futef150chundiandong
17,福特,福特征服者,zhengfuzhe-3828
17,福特,福特智趣烈马,futeliemaxinnengyuan
17,福特,福特烈马,bronco
17,福特,福特电马,mustangmache
17,福特,福特电马(海外),futemustangmache
17,福特,翼虎 插电混动(进口),yihuchadianhundongjinkou-11020
17,福特,蒙迪欧,mengdiou
17,福特,途睿欧,tourneo
17,福特,锐界,ruijie
17,福特,锐际,futeescape-5695
17,福特,锐际 插电混动,ruijiphev
17,福特,领睿,equatorsport
17,福特,领睿 插电混动,lingruichadianhundong
17,福特,领裕,futeequator
17,福特,领裕 插电混动,lingyuchadianhundong
18,马自达,马自达3 昂克赛拉,axelaangkesaila
18,马自达,马自达Arata,mazidaarata
18,马自达,马自达CX-30,mazidacx30
18,马自达,马自达CX-30(海外),mazidacx30haiwai
18,马自达,马自达CX-5,cx5
18,马自达,马自达CX-50 行也,mazidacx50-9971
18,马自达,马自达CX-50(海外),mazidacx50
18,马自达,马自达CX-70,mazidacx70
18,马自达,马自达CX-8(海外),mazidacx8haiwai
18,马自达,马自达CX-90,mazidacx90
18,马自达,马自达EZ-6,mazidaez6
18,马自达,马自达EZ-60,mazidaez60
18,马自达,马自达MX-30纯电版,mazidaetpv
18,马自达,马自达MX-5,mazidamx5
19,沃尔沃,Concept Recharge,conceptrecharge
19,沃尔沃,沃尔沃EC40(海外),woerwoc40
19,沃尔沃,沃尔沃EM90,woerwoem90
19,沃尔沃,沃尔沃ES90,woerwoes90
19,沃尔沃,沃尔沃ES90(海外),woerwoes90haiwai
19,沃尔沃,沃尔沃EX30,woerwoex30-10356
19,沃尔沃,沃尔沃EX30(海外),woerwoex30
19,沃尔沃,沃尔沃EX90,woerwoex90-10279
19,沃尔沃,沃尔沃EX90(海外),woerwoex90
19,沃尔沃,沃尔沃S60,woerwos60l
19,沃尔沃,沃尔沃S90,s90l
19,沃尔沃,沃尔沃S90 插电混动,woerwos90chadianhundong
19,沃尔沃,沃尔沃V60,v60haiwai
19,沃尔沃,沃尔沃V90,v90
19,沃尔沃,沃尔沃XC40,woerwoxc40-5697
19,沃尔沃,沃尔沃XC40(进口),woerwoxc40
19,沃尔沃,沃尔沃XC60,woerwoxc60
19,沃尔沃,沃尔沃XC60 插电混动,xc60chadianhundong
19,沃尔沃,沃尔沃XC60 插电混动 (进口),woerwoxc60chadianhundong-jinkou
19,沃尔沃,沃尔沃XC70,woerwoxc70chadianhundong
19,沃尔沃,沃尔沃XC90,volvoxc90
19,沃尔沃,沃尔沃XC90 插电混动,xc90chadianhundong
21,长城汽车,I-NEST 4.0,inest40
21,长城汽车,山海炮,shanhaipao
21,长城汽车,山海炮 Hi4-T,shanhaipaophev
21,长城汽车,炮,pxilie
21,长城汽车,炮新能源,paoev
21,长城汽车,金刚炮,jingangpao
21,长城汽车,长城超跑,changchengchaopao
21,长城汽车,风骏5,fengjun5
21,长城汽车,风骏7,fengjun7
25,三菱,Delica,delica
25,三菱,Delica Mini,delicamini
25,三菱,Triton,triton-10409
25,三菱,三菱L200,sanlingl200
25,三菱,三菱eK EV,kev
25,三菱,欧蓝德 插电混动(进口),oulandephevjinkou
26,本田,Honda SUV e:,hondasuve
26,本田,LIFE,life
26,本田,Ridgeline,bentianridgeline
26,本田,e:NP2 极湃2,bentianenp2
26,本田,东风本田GT,yegt
26,本田,东风本田S7,yes7
26,本田,冠道,guandao
26,本田,型格,integra
26,本田,奥德赛,xinaodesai
26,本田,广汽本田GT,guangqibentiangt
26,本田,广汽本田P7,yep7
26,本田,思域,siyucivic
26,本田,思域(进口),bentiansiyu
26,本田,本田0 Saloon,saloon
26,本田,本田CR-V,dongfengbentiancrv
26,本田,本田CR-V e:PHEV,bentiancrvchadianhundong
26,本田,本田CR-V(进口),bentiancrv
26,本田,本田HR-V,bentianhrv-9673
26,本田,本田HR-V(海外),bentianhrv
26,本田,本田UR-V,bentianurv
26,本田,本田XR-V,bentian2xw
26,本田,本田e:N GT,engtconcept
26,本田,本田e:N SUV,ensuvconcept
26,本田,本田e:N2,en2concept
26,本田,猎光e:NS2,ens2
26,本田,皓影,bentianbreeze
26,本田,皓影 e:PHEV,haoyingchadianhundong
26,本田,缤智,vezeljinkou
26,本田,艾力绅,ailishen
26,本田,英仕派,bentianinspire
26,本田,英仕派 e:PHEV,yingshipaixinnengyuan
26,本田,雅阁,dibadaiyage
26,本田,雅阁 e:PHEV,yagechadianhundong
27,东风,EQ REBORN,eqreborn
27,东风,帕拉索,palasuo
27,东风,帕拉索新能源,palasuoxinnengyuan
27,东风,猛士M50,mengshim50
27,东风,猛士MS600,mengshim20
27,东风,郑州日产Z9,yuanye
27,东风,郑州日产Z9 GE PHEV,zhengzhourichanz9xinnengyuan
27,东风,锐骐,ruiqipika
27,东风,锐骐6 EV,ruiqi6ev
27,东风,锐骐6 pro,ruiqi6pro
27,东风,锐骐7,ruiqi7
27,东风,锐骐7 EV,ruiqi7ev
28,起亚,Picanto,picanto-6507
28,起亚,Ray新能源,raychundiandong
28,起亚,Sportage(进口),shipao-2024
28,起亚,Stonic,stonic
28,起亚,Syros,syros
28,起亚,Tasman,tasman
28,起亚,佳乐新能源,jialexinnengyuan
28,起亚,嘉华,jiahua
28,起亚,嘉华(进口),qiyajiahua
28,起亚,奕跑,yipao
28,起亚,智跑,dongfengyuedaqiyasl
28,起亚,极睿,niro
28,起亚,焕驰,huanchi
28,起亚,狮铂拓界,sportage
28,起亚,索兰托,suolantuo
28,起亚,索奈,qiyasonet-10555
28,起亚,赛图斯,saitusi
28,起亚,起亚Ceed,qiyaceed
28,起亚,起亚EV3,qiyaev3
28,起亚,起亚EV4,qiyaev4
28,起亚,起亚EV5,qiyaev5-10430
28,起亚,起亚EV5(海外),qiyaev5
28,起亚,起亚EV6,qiyaev6
28,起亚,起亚EV9,qiyaev9
28,起亚,起亚K3,dongfengyuedaqiyak3
28,起亚,起亚K3(海外),qiyak3haiwai
28,起亚,起亚K4,qiyak4-8446
28,起亚,起亚K5,k5
28,起亚,起亚PV5,pv5
29,东南,东南DX8 PLUS,dongnandx8plus
30,日产,ARIYA艾睿雅,ariya
30,日产,Ariya(海外),richanariya
30,日产,EPIC CONCEPT,epicconcept
30,日产,ERA,eraconcept
30,日产,EVO,evoconcept
30,日产,GT-R,richangtr
30,日产,PATHFINDER 探陆,pathfinder
30,日产,Serena,richanserena
30,日产,Skyline,richanskyline
30,日产,Xterra,xterra
30,日产,劲客,jinke
30,日产,天籁,xintianlai
30,日产,天籁(海外),altima
30,日产,奇骏,qijun
30,日产,奇骏(进口),richanqijun
30,日产,探陆(海外),richanpathfinderhaiwai
30,日产,日产N6,richann6
30,日产,日产N7,dongfengrichann7
30,日产,日产NX8,richannx8
30,日产,日产Z,richanzproto
30,日产,纳瓦拉,nawala
30,日产,聆风,lingfeng
30,日产,轩逸,xuanyi
30,日产,逍客,xiaoke
30,日产,锋坦Frontier Pro,richanfrontier
30,日产,锋坦Frontier Pro PHEV,frontierxinnengyuan
30,日产,阳光(海外),yangguang-haiwai
30,日产,骐达,qida
32,海马,海马7X,haimavf00
32,海马,海马7X-E,haima7xe
32,海马,海马INJOY,haimainjoyl
33,中兴,中兴1949,zhongxingg9
33,中兴,中兴1949房车,zhongxing1949yuanzhengban
33,中兴,中兴1986,weishig7
33,中兴,威虎,zhongxingweihu
33,中兴,小老虎,xiaolaohu
34,吉利汽车,博越,jilinl3
34,吉利汽车,博越L,visionstarburst
34,吉利汽车,博越REV,haoyuer7
34,吉利汽车,吉利ICON,jiliicon
34,吉利汽车,吉利雷达地平线,radarpika-9654
34,吉利汽车,吉利雷达金刚,leidard5
34,吉利汽车,帝豪,jilixindihao
34,吉利汽车,帝豪甲醇,dihaojiachun
34,吉利汽车,星瑞,jilipreface
34,吉利汽车,星越L,jilikx11
34,吉利汽车,牛仔,niuzi
34,吉利汽车,睿蓝蓝气球,ruilanlanjingling
34,吉利汽车,缤瑞,binrui
34,吉利汽车,缤越,sx11
34,吉利汽车,豪越L,haoyuel
34,吉利汽车,豪越X3,haoyuex3
35,江汽集团,冰博士帅铃,bingboshishuailing
35,江汽集团,冰博士康铃,bingboshikangling
35,江汽集团,冰博士骏铃,bingboshijunling
35,江汽集团,多米EV1,duomiev1
35,江汽集团,大金牛,dajinniu
35,江汽集团,大金牛mini,dajinniumini
35,江汽集团,大金牛pro,dajinniupro
35,江汽集团,帅铃E,shuailingezhongti
35,江汽集团,帅铃Q3,shuailingq3
35,江汽集团,帅铃Q5,shuailingq5
35,江汽集团,帅铃Q6,shuailingq6
35,江汽集团,帅铃Q7,shuailingq7
35,江汽集团,帅铃Q8,shuailingq8
35,江汽集团,帅铃Q9,shuailingq9
35,江汽集团,帅铃i6,shuailingi6
35,江汽集团,康铃H3,kanglingh3
35,江汽集团,康铃H5,kanglingh5
35,江汽集团,康铃H6,kanglingh6
35,江汽集团,康铃J3,kanglingj3
35,江汽集团,康铃J5,kanglingj5
35,江汽集团,康铃J6,kanglingj6
35,江汽集团,恺达EX6,kaidaex6
35,江汽集团,恺达U7,kaidau7
35,江汽集团,恺达X1,kaidax1
35,江汽集团,恺达X5,kanglingx5
35,江汽集团,恺达X5献礼版,kaidax5xianliban
35,江汽集团,恺达X6,kanglingx6
35,江汽集团,恺达X7,kaidax7
35,江汽集团,悍途,shuailingt9
35,江汽集团,悍途新能源,hantuev
35,江汽集团,擎天柱,qingtianzhu
35,江汽集团,星锐,xingrui
35,江汽集团,星锐EV,xingruiev
35,江汽集团,格尔发A5,geerfaa5
35,江汽集团,格尔发A6,geerfaa6
35,江汽集团,格尔发K3,geerfak3
35,江汽集团,格尔发K5,geerfak5
35,江汽集团,格尔发K6,geerfak6
35,江汽集团,格尔发K7,geerfak7
35,江汽集团,格尔发V7,geerfav7
35,江汽集团,江淮T6,shuailingt6
35,江汽集团,江淮T8,shuailingt8
35,江汽集团,江淮iEV7,jianghuaiiev7
35,江汽集团,江淮iEVA50,jianghuaiiev
35,江汽集团,江淮卡拉,jianghuaikala-10736
35,江汽集团,江淮征程W1,zhengchengw1
35,江汽集团,蓝猫,lanmaom1
35,江汽集团,运多多,yunduoduo
35,江汽集团,骏铃E3,junlinge3
35,江汽集团,骏铃E5,junlinge5
35,江汽集团,骏铃V3,junlingv3
35,江汽集团,骏铃V5,junlingv5
35,江汽集团,骏铃V6,junlingv6
35,江汽集团,骏铃V7,junlingv7
35,江汽集团,骏铃V8,junlingv8
35,江汽集团,骏铃V9,junlingv9
35,江汽集团,骏铃V9L,junlingv9l
37,江铃,E福顺小卡,jianglingefushunxiaoka
37,江铃,E路达,eluda-10339
37,江铃,E路顺,elushun
37,江铃,E路顺V6,elushunv6
37,江铃,E顺达,jianglingeshunda
37,江铃,凯威,kaiwei
37,江铃,凯运,kaiyunlanjing
37,江铃,凯运+,kaiyun-11152
37,江铃,凯运升级版,kaiyun
37,江铃,域虎,yuhu-11631
37,江铃,域虎7,yuhu-3767
37,江铃,域虎EV,yuhuev
37,江铃,大道,dadaoranger
37,江铃,大道多功能车,dadaoduogongnengche
37,江铃,大道新能源,dadaorangerchundianban
37,江铃,宝典,baodian
37,江铃,江铃E福顺,jianglingefushun
37,江铃,江铃福顺,jianglingfushun
37,江铃,特顺,teshun
37,江铃,蓝鲸,lanjing
37,江铃,顺威,shunwei
37,江铃,顺达EV,shundaev
37,江铃,顺达宽体,shunda
37,江铃,顺达窄体,kaiyunzhaiti
39,金杯,吉运E6,jiyune6
39,金杯,吉运E9,jiyune8
39,金杯,新海豚EV,xinhaitunev
39,金杯,金杯T2S,jinbeit20s
39,金杯,金杯T3,t30
39,金杯,金杯T5,t50
39,金杯,金杯大海狮,dahaishi-3737
39,金杯,金杯小海狮X30,jinbeix30
39,金杯,金杯新快运,jinbeikuaiyun-6041
39,金杯,金杯新海狮X30L,xiaohaishix30l
39,金杯,金杯新能源新海狮EV,xinhaishiev
39,金杯,金杯海狮,xinhaishi
39,金杯,金杯海狮EV,jinbeihaishiev
39,金杯,金杯海狮王,jinbeihaishiwang
39,金杯,金杯海狮王EV,jinbeihaishiwangev
39,金杯,金杯金卡S2,jinkas2
39,金杯,金杯金卡S3,jinbeixinkas30
39,金杯,金杯金卡S6,jinkas6
40,菲亚特,菲亚特500,feiyate500
40,菲亚特,菲亚特Grande Panda,feiyategrandepanda
41,依维柯,依维柯Ouba,yueyeche
41,依维柯,依维柯得意,deyi
41,依维柯,依维柯欧胜,daily
41,依维柯,依维柯欧胜新能源,yiweikeoushengchundiandong
41,依维柯,依维柯欧霸,ouba
41,依维柯,依维柯欧风,yiweikeoufeng
41,依维柯,依维柯聚星,fidato
41,依维柯,依维柯聚星新能源,yiweikejuxingchundiandong
41,依维柯,意路达,yiluda
42,奇瑞,JAECOO J5新能源,qiruij5ev
42,奇瑞,奇瑞KP11,qiruikp11
42,奇瑞,奇瑞KP11新能源,qiruikp11xinnengyuan
42,奇瑞,奇瑞iBar,qiruiibar
42,奇瑞,奇瑞劲云概念车,qiruijingyungainianche
42,奇瑞,奇瑞概念车,qiruigainianche
42,奇瑞,奇瑞猎风概念车,qiruiliefenggainianche
42,奇瑞,奇瑞飞行汽车,qiruifeixingqiche
42,奇瑞,探索06 C-DM,luyingjiacdm
42,奇瑞,欧萌达,qiruixc
42,奇瑞,欧萌达3,oumengda3
42,奇瑞,欧萌达C5,oumengdac5
42,奇瑞,欧萌达C7新能源,oumengdac7
42,奇瑞,欧萌达E5,oumengdachadianhundong
42,奇瑞,瑞擎V6,ruiqingv6
42,奇瑞,瑞虎3x,ruihu3x
42,奇瑞,瑞虎4,ruihu4
42,奇瑞,瑞虎5,ruihu5
42,奇瑞,瑞虎5x,ruihu5x
42,奇瑞,瑞虎7,ruihu7
42,奇瑞,瑞虎7 PLUS,ruihu7plus
42,奇瑞,瑞虎7 PLUS新能源,qiruiruihu7plusxinnengyuan
42,奇瑞,瑞虎7L,ruihu7l
42,奇瑞,瑞虎8,ruihu8
42,奇瑞,瑞虎8 C-DM,ruihu8cdm-11292
42,奇瑞,瑞虎8 PLUS,ruihu8plus
42,奇瑞,瑞虎8 PLUS C-DM,ruihu8cdm
42,奇瑞,瑞虎8 PRO,ruihu8pro
42,奇瑞,瑞虎8 PRO新能源,ruihu8prokunpenge
42,奇瑞,瑞虎8L,ruihu8l
42,奇瑞,瑞虎9,qiruit26
42,奇瑞,瑞虎9 C-DM,ruihu9cdm
42,奇瑞,瑞虎9L,ruihu9l
42,奇瑞,瑞虎V,ruihuv
42,奇瑞,艾瑞泽5,qiruiairuize5
42,奇瑞,艾瑞泽5 GT,airuize5gt
42,奇瑞,艾瑞泽5 PLUS,airuize5plus
42,奇瑞,艾瑞泽8,m1e
42,奇瑞,艾瑞泽8 C-DM,airuize8cdm
42,奇瑞,艾瑞泽8 PRO,airuize8pro
43,庆铃五十铃,庆铃五十铃T17,qinglingt17
43,庆铃五十铃,庆铃五十铃T28,qinglingwushilingt28
43,庆铃五十铃,庆铃五十铃T30探险家,qinglingwushilingt30tanxianjia
43,庆铃五十铃,庆铃五十铃轻型商用车,qinglingqingka
43,庆铃五十铃,庆铃五十铃达咖,daka
43,庆铃五十铃,庆铃五十铃达咖H,dakah
43,庆铃五十铃,庆铃五十铃达咖新能源,qinglingchundianpika
48,五菱汽车,五菱Air ev晴空,wulingairev
48,五菱汽车,五菱E10,wulinge10
48,五菱汽车,五菱E5,wulinge5
48,五菱汽车,五菱EV50,wulingrongguangev
48,五菱汽车,五菱EV80,wulingev80
48,五菱汽车,五菱NanoEV,wulingnano
48,五菱汽车,五菱之光,wulingzhiguang
48,五菱汽车,五菱之光小卡,wulingzhiguangxiaoka
48,五菱汽车,五菱之光新能源,wulingzhiguangxinnengyuan
48,五菱汽车,五菱凯捷,wulingvictory
48,五菱汽车,五菱宏光,wulinghongguang
48,五菱汽车,五菱宏光PLUS,wulinghongguangplus
48,五菱汽车,五菱宏光S,wulinghongguangs
48,五菱汽车,五菱宏光S3,wulinghongguangs3
48,五菱汽车,五菱宏光V,wulinghongguangv
48,五菱汽车,五菱宏光新能源,wulinghongguangev
48,五菱汽车,五菱征程,wulingzhengcheng
48,五菱汽车,五菱征程EV,wulingzhengchengev
48,五菱汽车,五菱征途,wulingzhengtu
48,五菱汽车,五菱扬光,wulingyangguangev
48,五菱汽车,五菱扬光电卡,wulingyangguangdianka
48,五菱汽车,五菱星云,wulingxingyun
48,五菱汽车,五菱星光,wulingxingguang
48,五菱汽车,五菱星光S,wulingxingguangs
48,五菱汽车,五菱星辰,wulingxingchen
48,五菱汽车,五菱星驰,wulingxingchi
48,五菱汽车,五菱电卡,wulingdianka
48,五菱汽车,五菱缤果,wulingbinguo
48,五菱汽车,五菱缤果PLUS,wulingbinguoplus
48,五菱汽车,五菱荣光,wulingrongguang
48,五菱汽车,五菱荣光S,wulingrongguangs
48,五菱汽车,五菱荣光V,hongguangv
48,五菱汽车,五菱荣光小卡,wulingrongguangxiaoka-4571
48,五菱汽车,五菱荣光小卡EV,wulingrongguangxiaokaev
48,五菱汽车,五菱荣光小卡专用车,wulingrongguangxiaokayikaiqi
48,五菱汽车,五菱荣光小卡专用车EV,wulingrongguangxiaokazhuanyongcheev
48,五菱汽车,五菱荣光新卡,wulingrongguangxinka
48,五菱汽车,五菱荣光新卡EV,wulingrongguangxinkaev
48,五菱汽车,五菱荣光新卡专用车,wulingrongguangxinkayikaiqi
48,五菱汽车,五菱荣光新卡房车,wulingrongguangxinkafangche
48,五菱汽车,五菱荣光纯电版,wulingrongguangev-6595
48,五菱汽车,五菱龙卡,wulinglongka
48,五菱汽车,宏光MINIEV,hongguangminiev
48,五菱汽车,星光560,wulingxingguang580-11907
48,五菱汽车,星光560新能源,wulingxingguang580
48,五菱汽车,星光730,wulingxingguang730
48,五菱汽车,星光730新能源,wulingxinnengyuanmpv
48,五菱汽车,星光L,wulingxingguangl
48,五菱汽车,缤果Pro,wulingbinguopro
48,五菱汽车,缤果S,wulingbinguos
49,雪佛兰,Cobalt,cobalt
49,雪佛兰,Suburban,xuefolansuburban-6191
49,雪佛兰,创酷,xuefolantrax
49,雪佛兰,太浩,xuefolantahoe
49,雪佛兰,巡领者,xunlingzhe
49,雪佛兰,开拓者,xuefolanblazer
49,雪佛兰,探界者,equinoxtanjiezhe
49,雪佛兰,探界者(海外),tanjiezhehaiwai
49,雪佛兰,探界者PLUS,tanjiezheplus
49,雪佛兰,探界者新能源,tanjiezhexinnengyuan
49,雪佛兰,星迈罗,seeker
49,雪佛兰,畅巡,menlo
49,雪佛兰,科尔维特,keerweitec6
49,雪佛兰,索罗德,suoluode
49,雪佛兰,索罗德 EV,suoluodeev
49,雪佛兰,迈锐宝XL,malibuxl
49,雪佛兰,雪佛兰FNR-XE,xuefolanfnrxe
51,克莱斯勒,大捷龙(进口),kelaisiledajielong
52,黄海,Smile,smlie
52,黄海,黄海·威龙,huanghain7
52,黄海,黄海·翔龙,huanghain1
52,黄海,黄海·翔龙S,huanghain1s
52,黄海,黄海·蛟龙,huanghain2
52,黄海,黄海·蛟龙 纯电动,huanghaijiaolongchundiandong
52,黄海,黄海·蛟龙X,huanghaijiaolongx
52,黄海,黄海·野牛,huanghaiyeniu
53,一汽,森雅R7,senyar7
57,金龙,凯歌,jinlongkaige
57,金龙,凯歌新能源,kaigexinnengyuan
57,金龙,凯锐浩克,kairuihaoke
57,金龙,金威,jinlongjinwei
57,金龙,金龙龙耀5,jinlonglongyao5
57,金龙,金龙龙耀6,jinlonglongyao6
57,金龙,金龙龙耀6S,jinlonglongyao6s
57,金龙,金龙龙耀8,jinweichundiandong
57,金龙,金龙龙耀8S,jinlonglongyao8s
59,奔腾,奔腾B70,bentengb70
59,奔腾,奔腾NAT,bentenge05
59,奔腾,奔腾T90新能源,bentengt90phev
59,奔腾,奔腾小马,bentenge131
59,奔腾,悦意03,yueguan03
59,奔腾,悦意07,yueyi07
59,奔腾,悦意08,yueyi08
77,众泰,众泰T300 EV,zhongtait300ev
78,荣威,家越06,jiayue06
78,荣威,家越07,rongweisuv-12303
78,荣威,家越09,jiayue09
78,荣威,明珠,mingzhu
78,荣威,荣威D5X DMH,rongweid5x
78,荣威,荣威D6,rongweid6
78,荣威,荣威D7,rongweid7
78,荣威,荣威E6,rongweie6
78,荣威,荣威M7 DMH,rongweim7
78,荣威,荣威RX5,rx5
78,荣威,荣威RX9,rongweirx9
78,荣威,荣威eRX5,rongweierx5-5122
78,荣威,荣威i5,rongweii5
78,荣威,荣威i6,rongweii6-12177
78,荣威,荣威i6 MAX EV,rongweii6maxev
78,荣威,荣威iMAX8,rongweiim8
78,荣威,荣威iMAX8新能源,rongweiimax8ev
78,荣威,飞凡F7,feifanf7
78,荣威,飞凡R7,rqichees33
78,荣威,飞凡RC7,feifanrc7
79,名爵,MG 07,mg07
79,名爵,MG 4X,mg4x
79,名爵,MG Cyberster,cyberster
79,名爵,MG ES5,mingjues5
79,名爵,MG S9 EV,mgs9ev
79,名爵,MG3,mgzp11
79,名爵,MG4,mgeh32
79,名爵,MG5,mg5
79,名爵,MG6,mingjuemg6
79,名爵,MG7,mingjue7xi
79,名爵,MG9 EV,mg9ev
79,名爵,名爵MGB,mgb
80,劳斯莱斯,古思特,gusite
80,劳斯莱斯,幻影,laosilaisihuanying
80,劳斯莱斯,库里南,kulinan
80,劳斯莱斯,闪灵,shanling
80,劳斯莱斯,魅影,meiying
81,MINI,MINI,mini-3297
81,MINI,MINI ACEMAN JCW 新能源(海外),miniacemanjcw
81,MINI,MINI ACEMAN(海外),miniaceman
81,MINI,MINI CABRIO,minicoupe
81,MINI,MINI COUNTRYMAN,countryman
81,MINI,MINI COUNTRYMAN新能源,countrymanchadianhundong
81,MINI,MINI JCW,minijcw-4020
81,MINI,MINI JCW CABRIO,minijcwcabrio
81,MINI,MINI JCW COUNTRYMAN,countrymanjcw
81,MINI,MINI JCW 新能源(海外),minijcwxinnengyuan-11278
81,MINI,MINI新能源(进口),minichundiandong
81,MINI,电动MINI ACEMAN,miniaceman-10780
81,MINI,电动MINI COOPER,minixinnengyuan-10707
81,MINI,电动MINI JCW,diandongminijcw
81,MINI,电动MINI JCW ACEMAN,diandongminiacemanjcw
82,保时捷,Cayenne,baoshijiecayenne
82,保时捷,Cayenne新能源,baoshijiecayennechadianhundong
82,保时捷,Macan,macan
82,保时捷,Macan 纯电动,macanchundiandong
82,保时捷,Mission R,missionr
82,保时捷,Mission X,missionx
82,保时捷,Panamera,panamera
82,保时捷,Panamera E-Hybrid,baoshijiepanamerachadianhundong
82,保时捷,Taycan,baoshijietaycan
82,保时捷,保时捷718,baoshijie718
82,保时捷,保时捷718新能源,baoshijie718xinnengyuan
82,保时捷,保时捷911,baoshijie911
82,保时捷,保时捷GT4 e-Performance,gt4eperformance
82,保时捷,保时捷Vision 357,baoshijievision357
83,莲花跑车,ELETRE,type132
83,莲花跑车,EMEYA,lutesiemeya
83,莲花跑车,EMIRA,emira
83,莲花跑车,FOR ME,forme
83,莲花跑车,Theory 1,theory1
85,宾利,Batur,mullinerbatur
85,宾利,欧陆,binlioulu
85,宾利,欧陆 插电混动,ouluchadianhundong
85,宾利,添越,exp9f
85,宾利,添越 插电混动,tianyuephev
85,宾利,飞驰 插电混动,feichichadianhundong
86,兰博基尼,Aventador,aventador
86,兰博基尼,Countach,countach
86,兰博基尼,Diablo,diablo
86,兰博基尼,Huracán,huracan
86,兰博基尼,Jalpa,jalpa-8403
86,兰博基尼,Miura,miura
86,兰博基尼,Reventon,reventon
86,兰博基尼,Revuelto,revuelto
86,兰博基尼,Sián,lanbojinisian
86,兰博基尼,Temerario,temerario
86,兰博基尼,Urus SE,uruschadianhundong
86,兰博基尼,V12 Vision Gran Turismo,v12visiongranturismo
86,兰博基尼,Veneno,veneno-6533
89,smart,smart精灵#1,smartjingling1-9308
89,smart,smart精灵#1(海外),smartjingling1
89,smart,smart精灵#2,smartjingling2
89,smart,smart精灵#3,smartjingling3
89,smart,smart精灵#5,smartjingling5
89,smart,smart精灵#6,smartjingling6
91,法拉利,Amalfi,amalfi
91,法拉利,Purosangue,purosangue
91,法拉利,法拉利12Cilindri,falali12cilindri
91,法拉利,法拉利296,falali296
91,法拉利,法拉利849,falali849
91,法拉利,法拉利F80,falalif250
91,法拉利,法拉利HC25,falalihc25
91,法拉利,法拉利SF90,sf90stradale
92,阿尔法·罗密欧,33 Stradale,33stradale
92,阿尔法·罗密欧,Giulia朱丽叶,aerfaluomiougiulia
92,阿尔法·罗密欧,Junior,junior
92,阿尔法·罗密欧,Stelvio斯坦维,aerfaluomioustelvio
93,玛莎拉蒂,Ghibli,ghibli
93,玛莎拉蒂,GranCabrio,grancabrio
93,玛莎拉蒂,GranCabrio Folgore,grancabriofolgore
93,玛莎拉蒂,GranTurismo,mashaladigt
93,玛莎拉蒂,Grecale格雷嘉,grecale
93,玛莎拉蒂,Grecale格雷嘉Folgore,grecalefolgore
93,玛莎拉蒂,Levante,mashaladilevante
93,玛莎拉蒂,MCPURA,mashaladimcpura
93,玛莎拉蒂,MCXtrema,project24
93,玛莎拉蒂,玛莎拉蒂MC20,mashaladimc20
94,雷克萨斯,雷克萨斯ES,leikesasies
94,雷克萨斯,雷克萨斯ES新能源,leikesasiesxinnengyuan
94,雷克萨斯,雷克萨斯GX,leikesasigx
94,雷克萨斯,雷克萨斯LBX,leikesasilbx
94,雷克萨斯,雷克萨斯LC,leikesasilc
94,雷克萨斯,雷克萨斯LF-30,leikesasilf30
94,雷克萨斯,雷克萨斯LF-ZC,leikesasilfzc
94,雷克萨斯,雷克萨斯LF-ZL,leikesasilfzl
94,雷克萨斯,雷克萨斯LM,leikesasilm
94,雷克萨斯,雷克萨斯LS,leikesasils
94,雷克萨斯,雷克萨斯LX,leikesasilx
94,雷克萨斯,雷克萨斯NX,leikesasinx
94,雷克萨斯,雷克萨斯NX 插电混动,leikesasinxchadianhundong
94,雷克萨斯,雷克萨斯RX,leikesasirx
94,雷克萨斯,雷克萨斯RX 插电混动,leikesasirxchadianhundong
94,雷克萨斯,雷克萨斯RZ,leikesasirz
95,林肯,ZEPHYR,zephyr
95,林肯,冒险家,linkencorsair
95,林肯,冒险家 PHEV,linkencorsairchadianhundong-6163
95,林肯,林肯Star,linkenstar
95,林肯,林肯Z,zephyr-8039
95,林肯,航海家,hanghaijia-6729
95,林肯,领航员,linkenlinghangyuan
95,林肯,飞行家,feixingjia
96,路虎,卫士,luhuweishi
96,路虎,发现,diwudaifaxian
96,路虎,揽胜,luhulansheng
96,路虎,揽胜新能源,lanshengchadianhundong
96,路虎,揽胜星脉,lanshengxingmai
96,路虎,揽胜极光,lanshengjiguang
96,路虎,揽胜运动,lanshengyundongban
97,阿斯顿·马丁,V12 SPEEDSTER,asidunmadingv12speedster
97,阿斯顿·马丁,V8 Vantage,v8vantage
97,阿斯顿·马丁,Valhalla,asidunmadingamrb003
97,阿斯顿·马丁,Valiant,valiant
97,阿斯顿·马丁,Valour,valour
97,阿斯顿·马丁,Vanquish,vanquish
97,阿斯顿·马丁,阿斯顿·马丁DB12,asidunmadingdbgt
97,阿斯顿·马丁,阿斯顿·马丁DBR22,dbr22
97,阿斯顿·马丁,阿斯顿·马丁DBX,asidunmadingdbx-6008
98,捷豹,捷豹E-PACE,jiebaoepace-5156
98,捷豹,捷豹Type 00,jiebaotype00
98,捷豹,捷豹XFL,jiebaoxfl
99,雷诺,Espace,espace-10762
99,雷诺,Estafette,estafette
99,雷诺,Grand Koleos,dakeleiao
99,雷诺,H1st Vision Concept,h1stvisionconcept
99,雷诺,Kangoo新能源,leinuokangoo
99,雷诺,Kardian,kardian
99,雷诺,Master新能源,leinuomasterxinnengyuan
99,雷诺,Rafale,rafale
99,雷诺,Rafale新能源,rafalephev
99,雷诺,Trafic新能源,traficxinnengyuan
99,雷诺,Twingo E-Tech,twingoetech
99,雷诺,卡缤,captur
99,雷诺,梅甘娜新能源,meigannachadianhundong
99,雷诺,雷诺5 E-Tech,leinuo5
99,雷诺,雷诺R4,leinuor4
99,雷诺,风景,fengjing
99,雷诺,风景新能源,scenicvision
100,英菲尼迪,QX Monograph,qxmonograph
100,英菲尼迪,Vision Qe,visionqe
100,英菲尼迪,英菲尼迪QX50,yingfeinidiqx50
100,英菲尼迪,英菲尼迪QX60,yingfeinidiqx60-7622
100,英菲尼迪,英菲尼迪QX80,yingfeinidiqx80
102,KGM,托雷斯,torres
104,欧宝,欧宝Corsa GSE,oubaocorsagse
104,欧宝,欧宝Experimental,oubaoexperimental
104,欧宝,欧宝Mokka-e,oubaomokkachundiandong
104,欧宝,欧宝Rocks-e,oubaorockse
104,欧宝,雅特新能源,yatechadianhundong
107,凯迪拉克,CELESTIQ,kaidilakecelestiq
107,凯迪拉克,ESCALADE IQ,kaileideiq
107,凯迪拉克,IQ傲歌,optiq
107,凯迪拉克,IQ锐歌,lyriq
107,凯迪拉克,LYRIQ-V,lyriqv
107,凯迪拉克,Opulent Velocity,opulentvelocity
107,凯迪拉克,凯威德,vistiq-11581
107,凯迪拉克,凯迪拉克CT4,kaidilakect4-6075
107,凯迪拉克,凯迪拉克CT4-V,kaidilakect4v
107,凯迪拉克,凯迪拉克CT5,kaidilakect5-5895
107,凯迪拉克,凯迪拉克CT5-V,ct5v
107,凯迪拉克,凯迪拉克CT6,kaidilakect6
107,凯迪拉克,凯迪拉克GT4,kaidilakegt4
107,凯迪拉克,凯迪拉克XT4,kaidilakext4
107,凯迪拉克,凯迪拉克XT5,kaidilakext5
107,凯迪拉克,凯迪拉克XT5 插电混动,kaidilakext5chadianhundong
107,凯迪拉克,凯迪拉克XT6,kaidilakext6-5587
107,凯迪拉克,凯雷德,kaidilakekaileide
109,GMC,GMC Sierra,sierra
109,GMC,HUMMER EV PICKUP,hummerev
109,GMC,HUMMER EV SUV,hummerevsuv
109,GMC,育空,yukon
110,光冈,光冈M55,m55
111,斯巴鲁,LEVORG,sibalulevorg-5783
111,斯巴鲁,傲虎,sibaluaohu
111,斯巴鲁,岚鲲,solterra
111,斯巴鲁,斯巴鲁BRZ,sibalubrz
111,斯巴鲁,斯巴鲁WRX,yibaowrxsti
111,斯巴鲁,旭豹,sibalucrosstrek
111,斯巴鲁,森林人,sibalusenlinren
113,道奇,Charger,charger-5990
113,道奇,Rampage,rampage
113,道奇,挑战者 SRT,tiaozhanzhesrt
115,东风风行,星海S7,fengxingxinghais7
115,东风风行,星海T5,xinghait5
115,东风风行,星海V6,xinghaiv6
115,东风风行,星海V9,fengxingyuguanchadianhundong
115,东风风行,星海X5,xinghaix5
115,东风风行,菱智,lingzhi
115,东风风行,菱智PLUS,lingzhiplus
115,东风风行,菱智新能源,lingzhim5ev
115,东风风行,风行M7,fengxingm7
115,东风风行,风行MPV,fengxingmpv
115,东风风行,风行S50 EV,jingyis50ev
115,东风风行,风行T5,fengxingx5s
115,东风风行,风行T5 EVO,fengxingsx5g
115,东风风行,风行游艇,fengxingm4
115,东风风行,风行游艇新能源,fengxingyoutingxinnengyuan
115,东风风行,风行雷霆,fengxingfriday-9726
127,别克,Electra,biekeelectra
127,别克,Electra-L,electral
127,别克,Electra-LT,electralt
127,别克,世纪,biekeshiji
127,别克,别克E5,electraes
127,别克,别克GL8,biekegl8
127,别克,别克GL8 插电混动,biekegl8chadianhundong
127,别克,别克OMPV概念车,biekeompvgainianche
127,别克,别克至境E7,biekee7
127,别克,别克至境L7,zhijingjiaochexiandaoche
127,别克,别克至境世家,shijia
127,别克,君威,xinjunwei
127,别克,君越,xinjunyue
127,别克,威朗,weilangverano
127,别克,微蓝VELITE 6 纯电动,biekevelite6
127,别克,昂科威Plus,envision
127,别克,昂科威S,angkeweis
128,福田,图雅诺,tuyanuo
128,福田,图雅诺Pro,tuyanuopro
128,福田,图雅诺X5,tuyanuox5
128,福田,图雅诺X5新能源,tuyanuox5ev
128,福田,图雅诺X6,tuyanuodav
128,福田,图雅诺X6新能源,tuyanuox6xinnengyuan
128,福田,图雅诺X7,tuyanuox7
128,福田,图雅诺X7新能源,tuyanuox7xinnengyuan
128,福田,图雅诺X8,tuyanuodamai
128,福田,图雅诺X8新能源,tuyanuox8xinnengyuan
128,福田,图雅诺智蓝,tuyanuo-5252
128,福田,大将军EV,tuoluzheev
128,福田,大将军F9,jiangjunf9
128,福田,大将军F9 EV,dajiangjunf9ev
128,福田,大将军F9 SUV,dajiangjunf9suv
128,福田,大将军G7,dajiangjung7
128,福田,大将军G9,dajiangjun
128,福田,大将军G9 SUV,dajiangjung9suv
128,福田,奥铃CTS,aolingcts
128,福田,奥铃CTX,aoling
128,福田,奥铃大黄蜂,aolingdahuangfeng
128,福田,奥铃捷运,aolingjieyun
128,福田,奥铃新捷运,aolingxinjieyun
128,福田,奥铃速运,aolingsuyun
128,福田,征服者plus,zhengfuzheplus
128,福田,拓陆者驭途,tuoluzheyusheng
128,福田,时代EV6,shidaiev6
128,福田,时代EV7,futianshidaiev7
128,福田,时代M3,shidaim3
128,福田,时代领航,shidaiqingka
128,福田,欧曼EST-A,oumanesta
128,福田,欧航R pro,ouhang
128,福田,欧马可 智蓝电动轻卡,oumakezhilandiandongqingka
128,福田,欧马可S1,oumakes1-7163
128,福田,欧马可S3,oumakes3
128,福田,火星7,huoxing7
128,福田,火星7 PHEV,huoxing7phev
128,福田,火星9,huoxing
128,福田,火星9 PHEV,huoxingphev
128,福田,瑞沃E3,ruiwoe3
128,福田,瑞沃ES3,ruiwoes3
128,福田,瑞沃Q5,ruiwoq5
128,福田,瑞沃Q9,ruiwoq9
128,福田,瑞沃大金刚1,ruiwodajingang1
128,福田,瑞沃大金刚3,ruiwodajingang3
128,福田,瑞沃大金刚ES5,ruiwodajinganges5
128,福田,瑞沃大金刚ES7,ruiwodajinganges7
128,福田,瑞沃小金刚,ruiwoxiaojingang
128,福田,祥菱M,xianglingm
128,福田,祥菱M EV,xianglingev
128,福田,祥菱Q,xianglingq
128,福田,祥菱Q EV,xianglingqev
128,福田,祥菱U EV,xianglinguev
128,福田,祥菱V,aolingt3
128,福田,祥菱V EV,xianglingvev
128,福田,精灵智蓝,zhilanjinglinge5
128,福田,金刚S1,jingangs1
128,福田,钱多多,qianduoduo
128,福田,领航S1,linghangs1
128,福田,风景G5,mengpaike-2424
128,福田,风景G7,xinfengjingg7
128,福田,风景G9,mengpaikes
128,福田,风景T7,fengjingt7
128,福田,风景i,fengjingi7
128,福田,风景智蓝G5,fengjingg5ev
128,福田,风景智蓝G7,fengjingzhilan
129,北汽昌河,北斗星X5E,beidouxingx5e
132,五十铃,D-MAX,dmax
132,五十铃,D-MAX(海外),dmax-haiwai-9101
132,五十铃,RE-MAX 瑞迈,ruimai
132,五十铃,牧游侠,mux
132,五十铃,翼放EC,yifangec
132,五十铃,翼放EM,yifangem
132,五十铃,翼放ES,yifanges
132,五十铃,翼放EV,yifangev
132,五十铃,铃拓,lingtuo
132,五十铃,铃拓SUV,lingtuosuv
135,布加迪,Divo,divo
135,布加迪,Tourbillon,tourbillon
136,长安,VIIA,viia
136,长安,峰景房车,fengjingfangche
136,长安,览拓者,lantuozhe
136,长安,览拓者EV,lantuozheev
136,长安,逸动,changanc201
136,长安,逸动EV,yidongev
136,长安,逸动PHEV,yidongphev
136,长安,逸达,changanlamore
136,长安,锐程PLUS,ruichengplus
136,长安,长安CS35MAX,changancs35max
136,长安,长安CS35PLUS,changancs35plus
136,长安,长安CS55PLUS,changancs55plus
136,长安,长安CS55PLUS PHEV,changancs55plusxinnengyuan
136,长安,长安CS75,changancs75
136,长安,长安CS75PLUS,changancs75plus
136,长安,长安F70蓝鲸,changanf70
136,长安,长安UNI-K,changanunik
136,长安,长安UNI-K 智电iDD,changanunikphev
136,长安,长安UNI-T,changanuni
136,长安,长安UNI-V,changanuniv
136,长安,长安UNI-V 智电iDD,changanunivchadianhundong
136,长安,长安UNI-Z,changanuniz-11176
136,长安,长安UNI-Z新能源,changanuniz
136,长安,长安X5 PLUS,changanx5plus
136,长安,长安X7 PLUS,changanx7plus
136,长安,长安猎手,changanlieshou
140,威麟,威麟P2X,weilinp2x
140,威麟,威麟P3X,weilinp3x
140,威麟,威麟R08,weilinr08
140,威麟,威麟R08EV,weilinr08xinnengyuan
140,威麟,威麟捷想者,weilinjiexiangzhe
141,东风风神,东风风神L7,haohanphev
141,东风风神,东风风神L7X,dongfengfengshenl7x
141,东风风神,东风风神L8,fengshenl8
141,东风风神,奕炫,fengshend53
141,东风风神,奕炫GS,yixuanrv
141,东风风神,皓极,dongfengfengsheng59
141,东风风神,皓瀚,haohan
141,东风风神,皓瀚新能源,haohanxinnengyuan
141,东风风神,风神E70,e70
141,东风风神,风神SKY EV01,skyev
145,科尼赛克,Jesko,kenisaikejesko
147,广汽传祺,PICKUP 01,pickup01
147,广汽传祺,传祺E8,chuanqie8rongyaoxilie
147,广汽传祺,传祺E8 PHEV,chuanqie8
147,广汽传祺,传祺E9,chuanqim8phev
147,广汽传祺,传祺ES9,chuanqies9
147,广汽传祺,传祺GS3,chuanqigs3
147,广汽传祺,传祺GS4,chuanqigs4
147,广汽传祺,传祺GS4 PHEV,chuanqigs4phev
147,广汽传祺,传祺GS8,chuanqigs8
147,广汽传祺,传祺M6,chuanqigm6
147,广汽传祺,传祺M8,chuanqigm8
147,广汽传祺,传祺向往1 Concept,chuanqi1concept
147,广汽传祺,传祺向往M8,chuanqim8xinnengyuan
147,广汽传祺,传祺向往S7,chuanqis7
147,广汽传祺,传祺向往S9,chuanqis9
147,广汽传祺,传祺越7,chuanqit75
147,广汽传祺,影豹,empower
150,开瑞,优劲EV,kairuiyoujinev
150,开瑞,小象EV,xiaoxiangev
150,开瑞,小象K7,xiaoxiangk7
150,开瑞,小象X3,xiaoxiangx3
150,开瑞,小象X5,xiaoxiangx5
150,开瑞,小象X7,xiaoxiangx7
150,开瑞,开瑞X6,kairuix6
150,开瑞,开瑞江豚E5,jiangtune5
150,开瑞,开瑞江豚E7,jiangtune7
150,开瑞,开瑞海豚K5,haitunk5
150,开瑞,开瑞海豚K7,haitunk7
150,开瑞,江豚,jiangtunev
150,开瑞,江豚E6,jiangtune6
150,开瑞,海豚EV,haitunev
150,开瑞,海豚K6,haitunk6
150,开瑞,零米,lingmi
152,九龙,九龙V5,jiulongv5
152,九龙,开鹿V3,kailuv3
156,启辰,启辰D60,qichend60
156,启辰,启辰D60 EV,qichend60ev
156,启辰,启辰T60,qichent60
156,启辰,启辰T60 EV,qichent60ev
156,启辰,启辰VX6,qichenvx6
156,启辰,启辰Ve,qichenquanxingainianche
156,启辰,启辰大V,qichenvonline
156,启辰,启辰大V DD-i,qichendavddi
156,启辰,启辰大V 氢境,qichendavqingjing
156,启辰,启辰星,qichen532
157,宝骏,宝骏E6,baojune6
157,宝骏,宝骏KiWi EV,qiyu
157,宝骏,宝骏云朵,baojunyunduo
157,宝骏,宝骏云海,baojunyunhai
157,宝骏,宝骏享境,baojunyunguang
157,宝骏,宝骏悦也,chengshiwanlechaopinsuv
157,宝骏,宝骏悦也Plus,baojunyueyeplus
159,长安欧尚,长安欧尚520,changanoushang520
159,长安欧尚,长安欧尚530,changanoushang530
159,长安欧尚,长安欧尚Z6,changanoushangz6
159,长安欧尚,长安欧尚Z6新能源,changanoushangz6idd
159,长安欧尚,长安欧尚启悦,changanoushangqiyue
161,金旅,金旅大海狮,jinlvdahaishi
161,金旅,金旅海狮,jinlvhaishi
161,金旅,金旅海狮EV,jinlvhaishiev
161,金旅,金旅窄体大海狮,jinlvhaishizxilie-5669
161,金旅,金旅领特,jinlvlingte
161,金旅,金旅领特EV,jinlvlingteev
163,北京越野,享野700,xiangye700
163,北京越野,北京81,beijingyueyebj81
163,北京越野,北京城市猎人,beijingyueyechengshilieren
163,北京越野,北京越野BJ30,beijingbj30
163,北京越野,北京越野BJ40,beiqib40
163,北京越野,北京越野BJ40增程,bj40xinnengyuan
163,北京越野,北京越野BJ60,beijingbj60
163,北京越野,北京越野BJ60增程,beijingbj60phev
163,北京越野,北京越野ELMT Max,beijingyueyeelmtmax
165,大通,大家7,shangqidatongmaxusdajiamifa7chundiandong
165,大通,大家9,shangqidatongmaxusmifa
165,大通,大拿M1,shangqidatongmaxusdanam1
165,大通,大拿V1,shangqidatongmaxusmila1
165,大通,大拿V1L,danav1l
165,大通,大通D60,datong5103
165,大通,大通G10,shangqimaxusdatongg10
165,大通,大通G20,datongg20
165,大通,大通G50,datongg50
165,大通,大通G50 插电混动,datongg50chadianhundong
165,大通,大通G70,shangqidatongmaxusg70
165,大通,大通G90,shangqidatongmaxusg90
165,大通,大通H90,shangqidatongmaxush90
165,大通,大通T60,shangqidatongmaxust60
165,大通,大通V100,shangqidatongmaxusv100
165,大通,大通V90房车,shangqimaxusrv90
165,大通,大通大拿T1,shangqidatongmaxusdanat1
165,大通,探索家·星际H,tansuojiaxingjih
165,大通,探索家·珠峰,tansuojiazhufeng
165,大通,新途EV80,shangqidatongmaxusev80
165,大通,新途EV90,shangqidatongmaxusev90
165,大通,新途V80,maxusv80
165,大通,新途V80房车,datongrv80
165,大通,新途V90,shangqimaxusv90
165,大通,新途远界,xintuyuanjie-11921
165,大通,旅行家PHEV,lvxingjiaphev
165,大通,星际,shangqidatongmaxusxingjih
165,大通,星际EV,shangqidatongmaxusxingjiev
165,大通,星际X,shangqidatongmaxusxingjix
165,大通,星际X EV,shangqidatongmaxusxingjixev
165,大通,星际X SUV,xingjixsuv
165,大通,生活家PHEV,xintuyuanjie
165,大通,领地,shangqidatongmaxuslingdi
172,博速,博速EQS级,bosueqsji
172,博速,博速G级,brabusbabosigji
172,博速,博速S级,brabusbabosisji
172,博速,博速V级,babosivji
175,腾势,腾势D9,tengshimpv
175,腾势,腾势N7,tengshiinception
175,腾势,腾势N8L,tengshin8l
175,腾势,腾势N9,tengshin9
175,腾势,腾势Z,tengshiz
175,腾势,腾势Z9,tengshiz9-11208
175,腾势,腾势Z9GT,tengshiz9
178,宇通客车,天骏V5,tianjunv5
178,宇通客车,天骏V6,tianjunv6
178,宇通客车,天骏V6E,tianjunv6e
178,宇通客车,宇通T7,t7gaodanggongshangwuche
178,宇通客车,宇通T7E,yutongt7e
179,DS,DS N°8,dsn8
183,迈凯伦,Artura,artura
183,迈凯伦,迈凯伦750S,maikailun750s
183,迈凯伦,迈凯伦765LT,maikailun750lt
183,迈凯伦,迈凯伦GT,maikailungt
183,迈凯伦,迈凯伦Speedtail,maikailunspeedtail
183,迈凯伦,迈凯伦塞纳,maikailunsaina
185,帕加尼,Huayra,huayra
189,特斯拉,Cybercab,robotaxi-10805
189,特斯拉,Model 3,model3
189,特斯拉,Model 3(进口),model3jinkou
189,特斯拉,Model S,teslamodels
189,特斯拉,Model X,teslamodelx
189,特斯拉,Model Y,modely-6224
189,特斯拉,Model Y L,modelyl
189,特斯拉,Roadster,roadster-5856
189,特斯拉,赛博越野旅行车,tesilacybertruck
195,北京汽车,北京EU8,beijingeu8
195,北京汽车,北京U5 PLUS,beijingu5plus
195,北京汽车,北京X55,beijingx55
195,北京汽车,北京X7,beijingx7
195,北京汽车,魔方,beijingc52x
196,哈弗,哈弗H5,hafup04
196,哈弗,哈弗H6,hafuh6
196,哈弗,哈弗H6L,hafoh6l
196,哈弗,哈弗H7 PHEV,hafuh7phev
196,哈弗,哈弗H9,hafuh9
196,哈弗,哈弗大狗,hafub06
196,哈弗,哈弗大狗PLUS,hafuhdog-9783
196,哈弗,哈弗大狗PLUS PHEV,hafuhdog
196,哈弗,哈弗枭龙MAX PHEV,hafuxiaolongmaxphev
196,哈弗,哈弗猛龙PHEV,hafub26
196,哈弗,哈弗猛龙燃油版,hafumenglong-10884
196,哈弗,哈弗酷狗PHEV,kugouphev
196,哈弗,长城H10,hafuqijiansuv
196,哈弗,长城猛龙PLUS,hafumenglongv7plus
197,东风风度,帕拉丁,paladin
201,摩根,摩根Plus 4,mogenplus4
201,摩根,摩根Plus 6,mogenplus6
201,摩根,摩根SuperSport,mogensupersport
205,东风小康,东风小康C31,dongfengxiaokangc31
205,东风小康,东风小康C32,dongfengxiaokangc32
205,东风小康,东风小康C35,dongfengxiaokangc35
205,东风小康,东风小康C36,dongfengxiaokangc36
205,东风小康,东风小康C36II,dongfengxiaokangc36ii
205,东风小康,东风小康D71,dongfengxiaokangd71
205,东风小康,东风小康D71PLUS,dongfengxiaokangd71plus
205,东风小康,东风小康D71S,dongfengxiaokangd71s
205,东风小康,东风小康D72,dongfengxiaokangd72
205,东风小康,东风小康D72PLUS,dongfengxiaokangd72plus
205,东风小康,东风小康D72S,dongfengxiaokangd72s
205,东风小康,东风小康EC36,dongfengxiaokangec36
205,东风小康,东风小康EC36II,dongfengxiaokangec36ii
205,东风小康,东风小康EC75,dongfengxiaokangec75
205,东风小康,东风小康K01,dongfengxiaokang
205,东风小康,东风小康K02,k02
205,东风小康,东风小康K05S,xiaokangk05s
205,东风小康,东风小康K07S,xiaokangk07s
205,东风小康,创富牛卡,chuangfuniuka
212,KTM,X-BOW GT,xbowgtxr
214,卡升,卡升V-class,vclass-5100
214,卡升,卡升威霆,shangwuche
220,凯翼,凯翼i-EA 02,iea02
220,凯翼,凯翼i-XA 01,ixa01
220,凯翼,凯翼昆仑,kaiyiifa01
220,凯翼,凯翼昆仑L8,kaiyikunlunl8
220,凯翼,凯翼昆仑iHD,kaiyikunlunxinnengyuan
220,凯翼,凯翼江豚E5,kaiyijiangtune5
220,凯翼,凯翼江豚E7,kaiyijiangtune7
220,凯翼,凯翼海豚K5,kaiyihaitunk5
220,凯翼,凯翼海豚K7,kaiyijiangtunk7
220,凯翼,拾月,iea
220,凯翼,炫界,kaiyifx11
220,凯翼,炫界Pro,xuanjiepro
220,凯翼,炫界Pro EV,xuanjieproev
220,凯翼,轩度,xuandu
220,凯翼,轩度EV,xuanduev
221,成功汽车,斑马,banma
221,成功汽车,星马T3E,xingmat3e
221,成功汽车,角马,jiaoma
221,成功汽车,骆驼,luotuo
221,成功汽车,骆驼微卡,luotuoweika
229,雷丁,芒果Pro,mangguopro
231,前途,前途K20,qiantuk20
233,知豆,知豆彩虹,caihong
246,重汽王牌,王牌佑狮,wangpaiyoushi
246,重汽王牌,王牌力狮,wangpailishi
246,重汽王牌,王牌瑞狮,wangpairuishi
246,重汽王牌,王牌腾狮,wangpaitengshi
247,潍柴欧睿,欧睿,ourui
253,东风风光,风光330,fengguang330
253,东风风光,风光380,dongfengxiaokang380
253,东风风光,风光500,fengguang500
253,东风风光,风光580,fengguang580
253,东风风光,风光580 PHEV,fengguang580phev
253,东风风光,风光E380,dongfengxiaokange380
253,东风风光,风光MINIEV,fengguangminiev
253,东风风光,风光S560,s560
253,东风风光,风光S580,fengguangs580
253,东风风光,风光ix5,fengguangix5
253,东风风光,风光德先T8,fengguangdexiant8
257,Faraday Future,FF 91,ffzero1-4819
260,SWM斯威汽车,SWM斯威G01FF,swmsiweig01ff
260,SWM斯威汽车,SWM斯威G01Pro,swmsiweig01pro
260,SWM斯威汽车,SWM斯威G05,swmsiweis401
260,SWM斯威汽车,SWM斯威大虎,siweidahu
260,SWM斯威汽车,SWM斯威大虎EDi,siweidahuxinnengyuan
262,华凯,华凯VB06,huakaivb06
262,华凯,华凯新能源,huakaixinnengyuan
262,华凯,华凯新能源VE06,huakaixinnengyuanve06
266,蔚来,蔚来EC6,weilaiec6
266,蔚来,蔚来EC7,weilaiec7
266,蔚来,蔚来ES5,weilaies5
266,蔚来,蔚来ES6,weilaies6
266,蔚来,蔚来ES8,weilaies8
266,蔚来,蔚来ES9,weilaies9
266,蔚来,蔚来ET5,weilaiet5
266,蔚来,蔚来ET5T,weilaiet5touring
266,蔚来,蔚来ET7,weilaiet7
266,蔚来,蔚来ET9,weilaiet9
267,领克,The Next Day,lingkechadianhundongche
267,领克,领克01,lynkco01gainianche
267,领克,领克03,lingke03-5285
267,领克,领克06,lingke06
267,领克,领克06 EM-P,lingke06phev
267,领克,领克06(海外),lingke06haiwai
267,领克,领克07 EM-P,lingke07-10642
267,领克,领克07GT,lingke07gt
267,领克,领克08 EM-P,lingkedx11
267,领克,领克09,lingke07
267,领克,领克09 EM-P,lingke09phev
267,领克,领克10,lingke10emp
267,领克,领克20,lingke20
267,领克,领克900,lingkel946
267,领克,领克Z20,lingkee335
268,ALPINA,ALPINA Vision,alpinavision
270,魏牌,圆梦,weyfugugainianche
270,魏牌,拿铁PHEV,natiedhtphev
270,魏牌,魏牌V8X,weipaiv8x
270,魏牌,魏牌V9X,weipaiqijiansuv
270,魏牌,魏牌V9X燃油版,weipaiv9x
270,魏牌,魏牌摩卡,mokaphev
270,魏牌,魏牌蓝山,wei80
270,魏牌,魏牌高山,weizhongdaxingmpv
278,Lorinser,Lorinser F-150猛禽凌枭,f150mengqinlingxiao
278,Lorinser,Lorinser GS系列,lorinsergs
278,Lorinser,Lorinser LS系列,lorinserls560mx
278,Lorinser,Lorinser LW系列,lorinserlwxilie
278,Lorinser,Lorinser MS系列,lorinserms500
278,Lorinser,Lorinser T系列,lorinsertxilie
278,Lorinser,Lorinser VS系列,lorinservs
278,Lorinser,Lorinser 格瑞维亚,lorinsergeruiweiya
278,Lorinser,Lorinser 梦想家,lorinsermengxiangjia
278,Lorinser,Lorinser 游骑侠Ranger枪骑兵,lorinseryouqixiarangerqiangqibing
278,Lorinser,Lorinser 艾奈斯系列,ainaisi
281,长安凯程,欧诺S,ounuo
281,长安凯程,睿行EM60,ruixingem60
281,长安凯程,睿行EM80,ruixingem80
281,长安凯程,睿行M60,ruixingm60
281,长安凯程,睿行M80,changanruixing
281,长安凯程,睿行M90,ruixingm90
281,长安凯程,神骐PLUS,shenqiplus
281,长安凯程,神骐T10 EV,shenqit10ev
281,长安凯程,神骐T30,shenqit30
281,长安凯程,神骐T30 EV,shenqit30ev
281,长安凯程,长安之星5,changanzhixing5
281,长安凯程,长安之星9 EV,changanzhixing9ev
281,长安凯程,长安凯程F300,kaichengf300
281,长安凯程,长安凯程V919,kaichengv919
281,长安凯程,长安星卡,changanxingka
281,长安凯程,长安星卡EV,changanxingkaev
281,长安凯程,长安星卡M系列,changanxingkamxilie
281,长安凯程,长安星卡PLUS,changanxingkaplus
283,长安跨越,新豹T1,xinbaot1
283,长安跨越,新豹T3,xinbaot3
283,长安跨越,新豹T3 PLUS,xinbaot3plus
283,长安跨越,新豹T3 PLUS EV,xinbaot3plusev
283,长安跨越,新豹T5,xinbao3
283,长安跨越,星塔,xingta
283,长安跨越,星塔EV,xingtaev
283,长安跨越,星塔K5,xingtak5
283,长安跨越,跨越星V3,kuayuexingv3
283,长安跨越,跨越星V5,kuayuexingv5
283,长安跨越,跨越星V5 EV,kuayuexingv5ev
283,长安跨越,跨越星V7,kuayuexingv7
283,长安跨越,跨越星V7 EV,kuayuexingv7ev
283,长安跨越,跨越星光EV,kuayuexingguangev
283,长安跨越,跨越王X1,kuayuewangx1
283,长安跨越,跨越王X1 EV,kuayuewangx1ev
283,长安跨越,跨越王X3,kuayuewangx3
283,长安跨越,跨越王X3 PLUS,kuayuewangx3plus
283,长安跨越,跨越王X3 PLUS EV,kuayuewangx3ev
283,长安跨越,跨越王X7,kuayuewangx7
283,长安跨越,跨越者D1,kuayuezhed1
283,长安跨越,跨越者D3,kuayuezhed3
283,长安跨越,跨越者D5,kuayuezhed5
283,长安跨越,跨越者D5 PLUS,kuayuezhed5plus
283,长安跨越,跨越者D5 PLUS新能源,kuayuezhed5plusev
285,云度,云兔,yunduk3
286,铂驰,铂驰V系列,xingchivji
289,ARCFOX极狐,极狐 贝塔S3,jihus3-11843
289,ARCFOX极狐,极狐 阿尔法S,arcfoxn61
289,ARCFOX极狐,极狐 阿尔法S5,n51ab
289,ARCFOX极狐,极狐 阿尔法S6,jihuaerfas6
289,ARCFOX极狐,极狐 阿尔法T5,jihun50ab
289,ARCFOX极狐,极狐 阿尔法T6,jihuaerfat6
289,ARCFOX极狐,极狐77°,jihuaerfa77
289,ARCFOX极狐,极狐GT,arcfoxgt
289,ARCFOX极狐,极狐T1,jihut1
289,ARCFOX极狐,极狐考拉S,jihukaolas
289,ARCFOX极狐,极狐问道V9,jihun80ks
293,Polestar极星,Polestar 2,polestar2
293,Polestar极星,Polestar 3,polestar3
293,Polestar极星,Polestar 4,polestar4
293,Polestar极星,Polestar 5,jixingprecept
293,Polestar极星,Polestar 6,polestaro2
293,Polestar极星,Polestar Synergy,polestarsynergy
295,埃安,AION LX,aionlx
295,埃安,AION N60,aionn60
295,埃安,AION R2,aionr2
295,埃安,AION RT,aionrt
295,埃安,AION S,guangqixinnengyuanaions
295,埃安,AION UT,aionay2
295,埃安,AION UT super,aionutsuper
295,埃安,AION V,aianaionv
295,埃安,AION Y,aianaiony
295,埃安,AION i60,aioni60
296,捷途,捷途T-3,jietut3gainianche
296,捷途,捷途X,jetourx
296,捷途,捷途X70,jietux70
296,捷途,捷途X70 C-DM,jietushanhail7
296,捷途,捷途X70 PLUS,jietux70plus
296,捷途,捷途X70 PRO,x70pro
296,捷途,捷途X70L,jietux70l
296,捷途,捷途X90,jietux90
296,捷途,捷途X90 C-DM,jietux90cdm
296,捷途,捷途X90 PLUS,jietux90plus
296,捷途,捷途X90 PRO,jietux90pro
296,捷途,捷途X95,jietux95
296,捷途,捷途大圣,jietux1
296,捷途,捷途捷想者,jietujiexiangzhe
296,捷途,捷途旅行者,jietutx
296,捷途,捷途自由者,jietuziyouzhe
296,捷途,捷途自由者7,jietuziyouzhe7
296,捷途,捷途自由者7 PLUS,jietuziyouzhe7plus
297,小鹏,小鹏G6,xiaopengg6
297,小鹏,小鹏G7,xiaopengg7
297,小鹏,小鹏G9,xiaopengzhongdaxingsuv
297,小鹏,小鹏G9L,xiaopengg9l
297,小鹏,小鹏GX,xiaopengg01
297,小鹏,小鹏MONA L03,xiaopengmonasuv
297,小鹏,小鹏MONA L05,xiaopengmonal05
297,小鹏,小鹏MONA M03,xiaopengmona
297,小鹏,小鹏P7,xiaopengqichep7
297,小鹏,小鹏P7+,xiaopengp7
297,小鹏,小鹏X9,xiaopengqicheh93
299,思皓,思皓A5,sihaoa5
299,思皓,思皓E50A,sihaoe50a
299,思皓,思皓X8,sihaox8
299,思皓,思皓X8 PLUS,sihaox8plus
299,思皓,思皓爱跑,sihaoaipao
299,思皓,思皓爱跑S,sihaoaipaos
299,思皓,思皓花仙子,sihaoe10x
301,零跑汽车,零跑A05,lingpaoa05
301,零跑汽车,零跑A10,lingpaoa10
301,零跑汽车,零跑B01,lingpaob01
301,零跑汽车,零跑B10,lingpaob10
301,零跑汽车,零跑C10,lingpaob11
301,零跑汽车,零跑C11,lingpaocmore
301,零跑汽车,零跑C16,lingpaoc16
301,零跑汽车,零跑D19,lingpaod19
301,零跑汽车,零跑D99,dxiliempv
301,零跑汽车,零跑Lafa5,lingpaob05
302,红星汽车,红星BOX1,hongxingbox1
305,欧拉,欧拉5燃油版,oula5
305,欧拉,欧拉5纯电版,oulamao
305,欧拉,欧拉好猫,oulahaomao
305,欧拉,欧拉好猫GT,oulahaomaogt
305,欧拉,欧拉朋克猫,pengkemao
305,欧拉,欧拉芭蕾猫,oulabaleimao
305,欧拉,欧拉闪电猫,oulashandianmao
306,大乘汽车,大乘V07,dachengv07
307,领途汽车,悦01,yue01
307,领途汽车,领途ALUMI,lingtualumielite
307,领途汽车,领途L7,lingtul7
309,理想汽车,理想L6,lixiangl6
309,理想汽车,理想L7,lixiangl7-9805
309,理想汽车,理想L8,lixiangl7
309,理想汽车,理想L9,lixiangx01
309,理想汽车,理想MEGA,lixiangmpv
309,理想汽车,理想i6,lixiangi6
309,理想汽车,理想i8,lixiangi8
310,东风·瑞泰特,东风·瑞泰特EM10,dongfengruitaiteem10
310,东风·瑞泰特,东风·瑞泰特EM30,dongfengruitaiteem30
311,东风富康,e爱丽舍,eailishe
314,Karlmann,Pt铂,kaerman-5550
314,Karlmann,Ti钛,titai
314,Karlmann,Zr锆,zrgao
316,星途,AtlantiX,atlantix
316,星途,星纪元 E08,xingtumpv
316,星途,星纪元 ES,sterraes
316,星途,星纪元 ET,sterraet
316,星途,星途 ES7 GT,xingtues7gt
316,星途,星途 ES8,xingtues8
316,星途,星途 ET5,xingjiyuane05
316,星途,星途 ET8,xingtuet8
316,星途,星途 ET9,xingtuet9
316,星途,星途 EX7,xingtuet7
316,星途,星途凌云,xingtutxl
316,星途,星途天玑,xingjiyuantianji
316,星途,星途揽月,xingtuvx
316,星途,星途揽月C-DM,lanyuereev
316,星途,星途瑶光,xingtum38t
316,星途,星途瑶光C-DM,xingtuyaoguangxinnengyuan
316,星途,星途追风,xingtulx
316,星途,星途追风C-DM,xingtulxev
322,钧天,勇猛者,yongmengzhe
322,钧天,大道沐光,dadaomuguang
322,钧天,纵横家,zonghengjia
322,钧天,钧天格瑞维亚,juntiangeruiweiya
322,钧天,钧天黑武士Youth,juntianheiwushiyouth
322,钧天,霸界,bajie
323,捷达,捷达J01,jiedaj01
323,捷达,捷达VA3,va3
323,捷达,捷达VA7,jiedava7
323,捷达,捷达VS5,vs5
323,捷达,捷达VS7,jiedavs7
323,捷达,捷达VS8,jiedavs8
323,捷达,捷达X,jiedax
327,吉利几何,吉利几何A,jilige11
327,吉利几何,吉利几何E萤火虫,pilihu
327,吉利几何,吉利几何G6,jiheg6
327,吉利几何,吉利几何M6,jihem6
336,合创汽车,合创A06,hechuangconcepts
336,合创汽车,合创V09,hechuangv09
337,瑞驰汽车,vala home,valahome
337,瑞驰汽车,瑞驰C3,ruichic3
337,瑞驰汽车,瑞驰C5,ruichic5
337,瑞驰汽车,瑞驰C9,ruichic9
337,瑞驰汽车,瑞驰EC31,ruichixinnengyuanec31
337,瑞驰汽车,瑞驰EC35,ruichixinnengyuanec35
337,瑞驰汽车,瑞驰EC35V,ruichixinnengyuanec35v
337,瑞驰汽车,瑞驰EC71,ruichixinnengyuanec71
337,瑞驰汽车,瑞驰EC72,ruichixinnengyuanec72
337,瑞驰汽车,瑞驰EC75,ruichiec75
337,瑞驰汽车,瑞驰ED71,ruichixinnengyuaned71
337,瑞驰汽车,瑞驰ED71S,ruichied71s
337,瑞驰汽车,瑞驰EF51,ruichixinnengyuanef51
337,瑞驰汽车,瑞驰EG71,ruichixinnengyuaneg71
337,瑞驰汽车,瑞驰ES50,ruichixinnengyuanes50
337,瑞驰汽车,瑞驰R5,ruichir5
338,鑫源汽车,向上V6,xinyuanxiangshangv6
338,鑫源汽车,好运,haoyun
338,鑫源汽车,新海狮EV,jinbeihaishix30lev
338,鑫源汽车,豪运,haoyun-10477
338,鑫源汽车,金海狮,jinhaishi-11198
338,鑫源汽车,金海狮M,jinhaishim-11199
338,鑫源汽车,鑫卡T3 PLUS,xinkat3plus
338,鑫源汽车,鑫源E3,xinyuane3-10722
338,鑫源汽车,鑫源E3L,xinyuane3
338,鑫源汽车,鑫源T3,xinyuant3
338,鑫源汽车,鑫源T3L EV,xinyuant3lev
338,鑫源汽车,鑫源T5L EV,xinyuant5lev
338,鑫源汽车,鑫源小海狮X30,xinyuanx30l
338,鑫源汽车,鑫源新海狮X30L,xinyuanx30l-9055
338,鑫源汽车,鑫源金卡S1,xinyuanjinkas1
339,乔治·巴顿,战斧,zhanfu-9415
339,乔治·巴顿,战车,zhanche
339,乔治·巴顿,战马GH,zhanmagh
341,车驰汽车,车驰Sprinter,chechisprinter
341,车驰汽车,车驰Vito,chechivito
342,开沃汽车,开沃D10,kaiwod10
342,开沃汽车,开沃K10L,kaiwok10l
344,迈莎锐,迈莎锐9X,maisharui9x
344,迈莎锐,迈莎锐GLS,maisharuibenchigls
344,迈莎锐,迈莎锐G级,maisharuigji
344,迈莎锐,迈莎锐Purosangue,maisharuipurosangue
344,迈莎锐,迈莎锐Urus,maisharuiurus
344,迈莎锐,迈莎锐V级,maisharuim580
344,迈莎锐,迈莎锐国悦,maisharuiguoyue
344,迈莎锐,迈莎锐库里南,maisharuikulinan
344,迈莎锐,迈莎锐添越,maisharuitianyue
344,迈莎锐,迈莎锐烈马,maisharuiliema
346,LEVC,LEVC TX,levctx-7173
348,远程,吉利幸福号,yuanchengxingfuhao
348,远程,远程E200,yuanchenge200
348,远程,远程E200S,yuanchenge200s
348,远程,远程E5,yuanchenge5
348,远程,远程E6,yuanchenge6
348,远程,远程RE500,yuanchengre500
348,远程,远程星享F1E,xingxiangf1e
348,远程,远程星享V,yuanchengxingxiang
348,远程,远程星智,xingzhi
348,远程,远程星智F3E,yuanchengxingzhif3e
348,远程,远程星智F5E,yuanchengxingzhif5e
348,远程,远程超级VAN,chaojivan
348,远程,远程锋锐V5M,yuanchengfengruiv5m
348,远程,锋锐F3,fengruif3
348,远程,锋锐F3E,fengruif3e
348,远程,锋锐V5E,fengruiv5e
355,大发,Osanpo,osanpo
355,大发,Tsumu Tsumu,dafatsumutsumu
355,大发,eHIJET CARGO,hijetcargo
356,广汽集团,ERA纪元,erajiyuan
356,广汽集团,广汽TIME,timegainianche
356,广汽集团,绿境SPACE,lvjinggainianche
357,捷尼赛思,捷尼赛思G80,jienisaisig80
357,捷尼赛思,捷尼赛思G80 纯电动,jienisaisig80e
357,捷尼赛思,捷尼赛思G90,jienisaisig90
357,捷尼赛思,捷尼赛思GMR-001,gmr001
357,捷尼赛思,捷尼赛思GV70,jienisaisigv70
357,捷尼赛思,捷尼赛思GV80,jienisaisigv80
357,捷尼赛思,捷尼赛思Magma GT,magmagtconcept
357,捷尼赛思,捷尼赛思X,jienisaisix
357,捷尼赛思,捷尼赛思X Skorpio,jienisaisixskorpio
358,Cupra,Cupra Raval,urbanrebel
358,Cupra,Tavascan,xiyatetavascan
363,锐马克,Verne,verne
364,中国重汽VGV,VGV U70Pro,vgvu70pro
364,中国重汽VGV,VGV U75 PLUS,vgvu75plus
364,中国重汽VGV,VGV VX7,vgvduoyongtuhuoyunche
365,欧铃汽车,吉运,jiyun
365,欧铃汽车,赛菱,sailing
367,塔塔,Nexon,tatanexon
369,Fisker,Ocean,ocean
371,大运,大运N6H,dayunn6h
371,大运,大运N8E,dayunn8e
371,大运,大运N8V,dayunn8v
371,大运,大运N9H,dayunn9h
371,大运,大运V7H,dayunv7h
371,大运,大运V9,dayunv9
371,大运,大运小卡,dayunxiaoka
371,大运,奥普力,aopuli
371,大运,悦虎,yuehues3
371,大运,新奥普力,xinaopuli
371,大运,祥龙,xianglong
371,大运,远志M1,chihuem6
371,大运,远志M2,yuanzhim2
373,Lucid,Lucid Air,lucidair
373,Lucid,Lucid Gravity,lucidgravity
382,Micro,Microlino,microlino
387,达契亚,Bigster,bigster
387,达契亚,Jogger,jogger
387,达契亚,Spring,spring
387,达契亚,达契亚Duster,daqiyaduster
387,达契亚,达契亚Sandero,daciasandero
389,Hennessey,Venom F5,venomf5
391,Mahindra,Bolero,bolero
394,创维汽车,创维D10,chuangweid10
394,创维汽车,创维EV6,chuangweiet5
394,创维汽车,创维HT-i,chuangweiqichehti
394,创维汽车,创维Hongtu,chuangweihongtu
394,创维汽车,创维Q,chuangweiq
394,创维汽车,创维SKYHOME,chuangweijiaoche
394,创维汽车,创维磐石,chuangweiskyworth
395,睿蓝汽车,枫叶01,fengyeyouxing6-10207
395,睿蓝汽车,枫叶60s,fengye60s
395,睿蓝汽车,枫叶60s PRO,fengye60spro
395,睿蓝汽车,枫叶80v,fengye80v
395,睿蓝汽车,枫叶80v PRO,fengye80vpro
395,睿蓝汽车,睿蓝7,ruilan7
395,睿蓝汽车,睿蓝8,ruilan8
395,睿蓝汽车,睿蓝9,ruilan9
395,睿蓝汽车,睿蓝X3 PRO,fengyex3pro
396,凌宝汽车,凌宝BOX,lingbaobox
396,凌宝汽车,凌宝COCO,lingbaococo
396,凌宝汽车,凌宝Uni,lingbaooo
401,中国重汽,HOWO G5X,howog5x
401,中国重汽,HOWO T5G,howot5g
401,中国重汽,HOWO T7H,howot7h
401,中国重汽,HOWO TH7,howoth7
401,中国重汽,HOWO小将,howoxiaojiang
401,中国重汽,HOWO悍将,haowohanjiang
401,中国重汽,HOWO统帅,haowotongshuai
401,中国重汽,HOWO追梦,haowozhuimeng
401,中国重汽,SITRAK C5H,sitrakc5h
401,中国重汽,SITRAK C7H,sitrakc7h
401,中国重汽,SITRAK G5,sitrakg5
401,中国重汽,SITRAK G7,sitrakg7
401,中国重汽,SITRAK G7H,sitrakg7h
401,中国重汽,先锋官L,xianfengguanl
401,中国重汽,先锋官R,xianfengguanr
401,中国重汽,先锋官V,xianfengguanv
401,中国重汽,先锋官V新能源,xianfengguanvxinnengyuan
401,中国重汽,搏胜,zhongguozhongqipika
401,中国重汽,斯太尔M5G,sitaierm5g
401,中国重汽,豪瀚N5G,haohann5g
401,中国重汽,豪瀚N5W,haohann5w
401,中国重汽,豪瀚N6G,haohann6g
401,中国重汽,豪瀚N7G,haohann7g
401,中国重汽,豪瀚N7W,haohann7w
402,岚图汽车,岚图FE,lantufe
402,岚图汽车,岚图FREE,lantufreezengchengban
402,岚图汽车,岚图梦想家,mengxiangjiazengchengban
402,岚图汽车,岚图泰山,lantutaishan
402,岚图汽车,岚图泰山X8,lantutaishan8
402,岚图汽车,岚图珠峰,lantuzhufeng
402,岚图汽车,岚图知音,lantuzhiyin
402,岚图汽车,岚图追光,lantuh53
402,岚图汽车,岚图追光L,lantuzhuiguangl
402,岚图汽车,岚图追光S,lantuzhuiguangs
403,乘龙汽车,乘龙H5,chenglongh5
403,乘龙汽车,乘龙H7,chenglongh7
403,乘龙汽车,乘龙L2,chenglongl2
403,乘龙汽车,乘龙L3,chenglongl3
403,乘龙汽车,乘龙T5,chenglongt5
403,乘龙汽车,乘龙T7,chenglongt7
403,乘龙汽车,乘龙新M3,chenglongxinm3
404,东风商用车,东风天锦KR,dongfengtianjinkr
404,东风商用车,东风天锦KS,dongfengtianjinks
404,东风商用车,东风天锦VR,dongfengtianjinvr
404,东风商用车,东风天龙VL,dongfengtianjinvl
405,凯马汽车,凯马HK,kaimahk
405,凯马汽车,锐捷,kaimaruijie
405,凯马汽车,锐航,kaimaruihang
405,凯马汽车,锐航EV,kaimaruihangxinnengyuan
405,凯马汽车,骏航,junhang
406,三一集团,三一电动轻卡,sanyidiandongqingka
406,三一集团,三一重卡新朱宏旗舰版,sanyizhongkajiangshanban
406,三一集团,三一重卡新英雄旗舰版,sanyizhongkaxinyingxiongqijianban
406,三一集团,三一重卡朱宏版,sanyizhongkayinsongban
406,三一集团,三一重卡正义版,sanyizhongkazhengyiban
406,三一集团,三一重卡王道,sanyizhongkawangdao
406,三一集团,三一重卡英杰版,sanyizhongkayingjieban
407,陕汽重卡,德龙F3000,delongf3000
407,陕汽重卡,德龙L3000,delongl3000
407,陕汽重卡,德龙X3000,delongx3000
407,陕汽重卡,德龙X5000,delongx5000
407,陕汽重卡,德龙X6000,delongx6000
407,陕汽重卡,德龙新M3000,delongxinm3000
408,上汽跃进,大拿T1,danat1
408,上汽跃进,大拿T2,danat2
408,上汽跃进,大拿T3,danat3
408,上汽跃进,快运H,kuaiyunh
408,上汽跃进,福星ES80,fuxinges80
408,上汽跃进,福星S,fuxings
408,上汽跃进,福运C,fuyunc
408,上汽跃进,福运S(原小福星S),fuyuns
408,上汽跃进,福运X,fuyunx500
408,上汽跃进,超越C,chaoyuec
408,上汽跃进,超越H,chaoyueh
408,上汽跃进,超运C,chaoyunc
408,上汽跃进,运霸H,yunbah
409,一汽解放,解放J6L,jiefangj6l
409,一汽解放,解放J6P,jiefangj6p
409,一汽解放,解放J7,jiefangj7
409,一汽解放,解放公狮,jiefanggongshi
409,一汽解放,解放经典1系,jiefangjingdian1xi
409,一汽解放,解放经典2系,jiefangjingdian2xi
409,一汽解放,解放经典3系,jiefangjingdian3xi
409,一汽解放,解放经典5系,jiefangjingdian5xi
409,一汽解放,解放经典7系,jiefangjingdian7xi
409,一汽解放,解放霸铃,jiefangbaling
411,北奔重卡,北奔NG80,beibenng80
411,北奔重卡,北奔V3,beibenv3
411,北奔重卡,北奔V3ET,beibenv3et
412,联合卡车,联合卡车E系,lianhekacheexi
412,联合卡车,联合卡车U+系,lianhekacheuxi
412,联合卡车,联合卡车UX系,lianhekacheuxxi
412,联合卡车,联合卡车U系,lianhekacheuxi-7336
413,南骏汽车,瑞吉J30,ruijij30
413,南骏汽车,瑞捷D20,ruijied20
414,时风,时风风云,fengyun-7280
414,时风,时风风菱,fengling
414,时风,时风风顺,fengshun-7283
414,时风,时风风驰,fengchi
415,陕汽商用车,轩德X3,xuandex3
415,陕汽商用车,轩德翼3,xuandeyi3
417,北汽泰普,北汽泰普V级,beiqitaipuvji
418,上汽红岩,红岩新金刚,hongyanxinjingang
418,上汽红岩,红岩杰卡,hongyanjieka
418,上汽红岩,红岩杰狮,hongyanjieshi
418,上汽红岩,红岩杰虎,hongyanjiehu
418,上汽红岩,红岩杰豹,hongyanjiebao
419,飞碟汽车,奥驰,aochi
419,飞碟汽车,奥驰HV3,aochihv3
419,飞碟汽车,缔途,ditu
419,飞碟汽车,缔途EF3,dituxinnengyuan
419,飞碟汽车,飞碟EW7,feidieew7
419,飞碟汽车,飞碟Q2T,feidieq2t
419,飞碟汽车,飞碟Q2V,feidieq2v
419,飞碟汽车,飞碟Q3,feidieq3
419,飞碟汽车,飞碟U6,feidieu6
419,飞碟汽车,飞碟W5,feidiew5
421,沃尔沃卡车,沃尔沃FE,fe
421,沃尔沃卡车,沃尔沃FH,fh
421,沃尔沃卡车,沃尔沃FH16,fh16
421,沃尔沃卡车,沃尔沃FM,fm
421,沃尔沃卡车,沃尔沃FMX,fmx
421,沃尔沃卡车,沃尔沃新FH,xinfh
421,沃尔沃卡车,沃尔沃新FM,xinfm
424,LUMMA,LUMMA CLR V,clrv
424,LUMMA,LUMMA CLR X7,lummaclrx7
424,LUMMA,LUMMA G 骑士,lummaclrgji
424,LUMMA,LUMMA G780 格鲁克,lummag780geluke
424,LUMMA,LUMMA GS650 齐伯林,lummags650qibolin
424,LUMMA,LUMMA LD 挑战者,lummaclrld
424,LUMMA,LUMMA UG850 盖世,lummaug850
424,LUMMA,LUMMA 捍卫者,lummagt35hanweizhe
425,陕汽轻卡,德龙K3000,delongk3000
425,陕汽轻卡,德龙N3000,delongn3000
426,摩登汽车,Modern in,modernin
427,奔驰卡车,乌尼莫克U4023,wunimokeu4023
427,奔驰卡车,乌尼莫克U5023,wunimokeu5023
427,奔驰卡车,奔驰Actros,actros
427,奔驰卡车,奔驰Arocs,arocs
427,奔驰卡车,奔驰Atego,atego
427,奔驰卡车,奔驰Zetros,zetros
427,奔驰卡车,奔驰新Actros,xinactros
429,斯堪尼亚,斯堪尼亚G系列,gxilie
429,斯堪尼亚,斯堪尼亚P系列,pxilie-7273
429,斯堪尼亚,斯堪尼亚R系列,rxilie
429,斯堪尼亚,斯堪尼亚S系列,sxilie
429,斯堪尼亚,斯堪尼亚新R系列,xinrxilie
430,曼,曼TGE,tge
430,曼,曼TGM,tgm
430,曼,曼TGS,tgs
430,曼,曼TGX,tgx
432,重汽豪曼,豪曼H3,haomanh3
432,重汽豪曼,豪曼H5,haomanh5
435,徐工汽车,汉风,hanfeng
435,徐工汽车,祺龙,qilong
436,华菱汽车,华菱H3,hualingh3
436,华菱汽车,汉马H6,hanmah6-7345
436,华菱汽车,汉马H7,hanmah7
436,华菱汽车,汉马H9,hanmah9
437,一汽凌河,一汽凌河F200,yiqilinghef200
437,一汽凌河,沪尊S200,huzuns200
439,智己汽车,Airo,airo
439,智己汽车,Robotaxi概念车,robotaxigainianche
439,智己汽车,智己L6,zhijil6
439,智己汽车,智己L7,jiaoche
439,智己汽车,智己LS6,zhijils6
439,智己汽车,智己LS7,suv-7354
439,智己汽车,智己LS8,zhijils8
439,智己汽车,智己LS9,zhijils9
443,橙仕,橙仕01,chengshi01
443,橙仕,橙仕X2,chengshix2
443,橙仕,橙仕X5,chengshi05
443,橙仕,橙仕X6,chengshix6
443,橙仕,橙仕X7,chengshix7
444,江铃重汽,威龙,weilong
444,江铃重汽,威龙HV5,weilonghv5
446,克蒂汽车,克蒂圣姆峰系列,bahexilie
446,克蒂汽车,克蒂山川系列,kedishanchuanxilie
446,克蒂汽车,克蒂山河系列,kedishanhexilie
446,克蒂汽车,克蒂巴赫系列,shengmufengxilie
446,克蒂汽车,克蒂帝亚系列,kedidiyaxilie
446,克蒂汽车,克蒂怪兽SV3,kediguaishousv3
446,克蒂汽车,克蒂怪兽SV7,kediguaishousv7
446,克蒂汽车,克蒂昆仑系列,kedikunlunxilie
446,克蒂汽车,克蒂空间大师系列,kedikongjiandashixilie
446,克蒂汽车,克蒂魔术师系列,kedimoshushixilie
447,一汽解放轻卡,解放J6F,j6f
447,一汽解放轻卡,解放虎VH,jiefanghuvh
447,一汽解放轻卡,解放虎VN,huvn
447,一汽解放轻卡,解放虎VR,jiefanghuvr
447,一汽解放轻卡,解放领途,jiefanglingtu
447,一汽解放轻卡,解放麟VH,jiefanglinvh
448,东风轻型车,乾坤K6,qiankunk6
448,东风轻型车,乾坤K6E,qiankunk6e
448,东风轻型车,凯普特K5,kaiputek5
448,东风轻型车,凯普特K6,kaiputek6
448,东风轻型车,凯普特K7,kaiputek7
448,东风轻型车,凯普特K8,kaiputek8
448,东风轻型车,多利卡D12,duolikad12
448,东风轻型车,多利卡D5,duolikad5
448,东风轻型车,多利卡D6,duolikad6
448,东风轻型车,多利卡D7,duolikad7
448,东风轻型车,多利卡D8,duolikad8
448,东风轻型车,多利卡D9,duolikad9
448,东风轻型车,多利卡Z5,duolikaz5
448,东风轻型车,小霸王V,xiaobawangv
448,东风轻型车,小霸王W08,xiaobawangw08
448,东风轻型车,小霸王W15,xiaobawangw15
448,东风轻型车,小霸王W16,xiaobawangw16
448,东风轻型车,小霸王W17,xiaobawangw17
448,东风轻型车,小霸王W18,xiaobawangw18
448,东风轻型车,睿立达V6E,ruilidav6e
448,东风轻型车,睿立达V8E,ruilidav8e
448,东风轻型车,福小瑞,fuxiaorui
448,东风轻型车,福瑞通V10,furuitongv10
448,东风轻型车,福瑞通V6E,furuitongv6e
448,东风轻型车,福瑞通V8E,furuitongv8e
448,东风轻型车,途逸T3,tuyit3
448,东风轻型车,途逸T5,tuyit5
448,东风轻型车,途逸T5E,tuyit5e
448,东风轻型车,途逸T6,tuyit6
448,东风轻型车,途逸T7,tuyit7
448,东风轻型车,途逸T7E,tuyit7e
448,东风轻型车,途逸T9E,tuyit9e
451,青岛解放,解放JH6,jiefangjh6
451,青岛解放,解放JH6生活舱,jiefangjh6-6973
451,青岛解放,解放JK6,jiefangjk6
451,青岛解放,解放天V,jiefangtianv
451,青岛解放,解放途V,jiefangtuv
451,青岛解放,解放龙V,jiefanglongv
453,坦克,坦克300,weyp01
453,坦克,坦克300新能源,tanke300xinnengyuan
453,坦克,坦克400,tanke400
453,坦克,坦克400新能源,tanke400xinnengyuan
453,坦克,坦克500,tanke600
453,坦克,坦克500新能源,tanke500phev
453,坦克,坦克700,tanke700
453,坦克,坦克700新能源,tanke700xinnengyuan
456,北汽瑞翔,瑞翔C5 EV,ruixiangc5ev
456,北汽瑞翔,瑞翔HOEN O2,beiqihoeno2
456,北汽瑞翔,瑞翔X5 PHEV,ruixiangx5phev
457,电动屋,YOUNG光小新,youngguangxiaoxin
457,电动屋,电动屋悦01,diandongwuyue01
458,AUXUN傲旋,傲旋,aoxuan-7643
458,AUXUN傲旋,傲旋乘风,aoxuane9
458,AUXUN傲旋,小傲旋,chechixiaoaoxuan
463,奇瑞新能源,QQ棒棒糖,qqbangbangtang
463,奇瑞新能源,奇瑞i吧,qiruiiba
463,奇瑞新能源,奇瑞舒享家,qiruieq7
463,奇瑞新能源,艾瑞泽e,airuizee
465,克慕勒,克慕勒阿尔法,kemuleaerfa
468,江铃集团新能源,小麒麟,yizhiev2
468,江铃集团新能源,易至EV3,jianglinge300
468,江铃集团新能源,玉兔,yutu
468,江铃集团新能源,羿,yi
468,江铃集团新能源,羿驰01,yichi01
468,江铃集团新能源,羿驰05,yichi05
468,江铃集团新能源,羿驰05S,yichi05s
468,江铃集团新能源,颐驰06,yichirt6
475,Togg,Togg T10F,transitionconceptsmartdevic
475,Togg,Togg T10X,toggcsuv
501,FOXTRON,Model D,modeld
503,龙程汽车,龙程V-Class,longchengvclass
503,龙程汽车,龙程VITO,longchengzhongjiaovito
510,WALD,WALD CITY H7,waldcityh7
510,WALD,WALD CITY M7,waldcitym7
510,WALD,WALD CITY M9,waldcitym9
510,WALD,WALD CITY S7,waldcitys7
510,WALD,WALD CITY S9,waldcitys9
514,智点汽车,智点F101微面,zhidianf101weimian
514,智点汽车,智点K201,zhidiank201
515,晓澳汽车,晓澳V-Class,xiaoaovclass
515,晓澳汽车,晓澳Vito,xiaoaovito
517,雅升汽车,雅升V-Class,yashengvclass
517,雅升汽车,雅升Vito,yashengvito
528,Aurus,Komendant,komendant
528,Aurus,Senat,senat
535,SHELBY,SHELBY F-150,shelbyf150
538,Mobilize,Mobilize Duo,mobilizeduo
548,宝骐汽车,帅骐,shuaiqi
549,RAM,RAM Trucks,daoqigongyang
555,阿莫迪罗,先锋官,xianfengguan
555,阿莫迪罗,征服者系列,zhengfuzhexilie
555,阿莫迪罗,挑战者系列,tiaozhanzhexilie
555,阿莫迪罗,锐行者,ruixingzhe
560,上喆,上喆V-Class,vclass-7876
560,上喆,上喆吉姆尼,shangzhejimuni
560,上喆,上喆威霆,shangzheweitingxinghuan
561,申龙客车,申龙DST神州5号,shenlongdstshenzhou5hao
561,申龙客车,申龙V6,shenlongv6
561,申龙客车,申龙地上铁510,shenlongdishangtie510
570,金冠汽车,宾歌T10,binget10
570,金冠汽车,金冠V级,jinguanvji
573,GUNTHER WERKS,Gunther Werks 911,guntherwerks911
581,英力士,军需官,grenadierquartermaster
581,英力士,掷弹兵,grenadier
606,宏远汽车,宏远EM60,hongyuanem60
613,中通客车,中通T7,zhongtongt7
613,中通客车,中通开阳系列纯电动物流车,zhongtongkaiyangxiliechundiandongwuliuche
614,华梓汽车,华梓凌特,huazilingte
615,小鹏汇天,小鹏汇天陆地航母,xiaopenghuitianludihangmu
615,小鹏汇天,小鹏汇天飞行汽车,xiaopenghuitiandiliudaifeixingqiche
615,小鹏汇天,旅航者T1,lvhangzhet1
615,小鹏汇天,旅航者X1,lvhangzhex1
615,小鹏汇天,旅航者X2,lvhangzhex2
619,阿维塔,VISION XPECTRA,aweitaxingainianche
619,阿维塔,阿维塔06,aweitae16
619,阿维塔,阿维塔06T,aweita06t
619,阿维塔,阿维塔07,aweitae15
619,阿维塔,阿维塔07L,aweita07l
619,阿维塔,阿维塔11,aweitae11
619,阿维塔,阿维塔12,aweita12
621,沙龙汽车,机甲龙,jijialong
623,新吉奥,吉奥奥腾,jiaoaoteng
623,新吉奥,吉奥帅凌,jiaoshuailing
623,新吉奥,吉奥帅舰,jiaoshuaijian
623,新吉奥,吉奥帅豹,jiaoshuaibao
623,新吉奥,吉奥帅驰,shuaichi-8785
623,新吉奥,吉奥睿征,jiaoruizheng
624,极越,ROBO X,robox
625,莱茵汽车,莱茵旅行者,laiyinlvxingzhe
629,AITO,问界M5,wenjiem5
629,AITO,问界M6,wenjiem6
629,AITO,问界M7,wenjiem7
629,AITO,问界M8,wenjiem8
629,AITO,问界M9,wenjiem9
631,智行盒子,智行盒子BM-400,zhixinghezibm400
631,智行盒子,智行盒子BM-600,zhixinghezibm600
632,天地良心汽车,天地良心宏光BIGEV,tiandiliangxinhongguangbigev
632,天地良心汽车,天地良心宏光MINIEV,tiandiliangxinhongguangminiev
632,天地良心汽车,天地良心毛豆3,tiandiliangxinmaodou3
632,天地良心汽车,探客100,tiandiliangxintanke100
647,伟昊汽车,卡漠兹V级,kamozixilie
647,伟昊汽车,塞里雅兰V级,sailiyalanvji
650,Alpine,Alpine A110 新能源,alpinea110eternite
650,Alpine,Alpine A290,alpinea290beta
650,Alpine,Alpine A390,alpinea390beta
650,Alpine,Alpine Alpenglow,alpinealpenglow
652,智锐汽车,OBBIN星海,obbinxinghai
652,智锐汽车,欧冰,oubing
652,智锐汽车,欧尔法,ouerfa
655,江淮瑞风,瑞风E3,ruifenge3
655,江淮瑞风,瑞风E4,ruifenge4
655,江淮瑞风,瑞风L5,ruifengl5
655,江淮瑞风,瑞风M3,ruifengm3
655,江淮瑞风,瑞风M3 PHEV,ruifengm3phev
655,江淮瑞风,瑞风M4,ruifengm4
655,江淮瑞风,瑞风RF8,ruifengrf8
655,江淮瑞风,瑞风RF8 PHEV,ruifengmpv
658,深蓝汽车,深蓝G318,shenlanc318
658,深蓝汽车,深蓝L06,shenlanl06
658,深蓝汽车,深蓝L07,shenlanl07
658,深蓝汽车,深蓝S05,shenlans05
658,深蓝汽车,深蓝S07,changanshenlans7
658,深蓝汽车,深蓝S09,shenlans09
658,深蓝汽车,深蓝SL03,changanc385
659,焜驰,宸辉威尔法,chenhuivl900
659,焜驰,焜驰V级,xingyingvls
659,焜驰,焜驰威霆,kunchiweiting
659,焜驰,焜驰麒麟,kunchiqilin
662,嘉远汽车,KOMI,komi
662,嘉远汽车,灵族,lingzu
662,嘉远汽车,灵族皮卡,lingzupika
662,嘉远汽车,灵族面包车,lingzumianbaoche
672,猛士,星际战车,lorinserm800
672,猛士,猛士917,mterrain
672,猛士,猛士M-HUNTER 狩猎者,mengshimhunter
672,猛士,猛士M817,mengshim183
673,万象汽车,万象DST神州5号,wanxiangdstshenzhou5hao
673,万象汽车,万象K01,wanxiangk01-9711
673,万象汽车,万象T01,wanxiangt01
673,万象汽车,万象T02,wanxiangt02
680,悠宝利,悠宝利A3,youbaolia3
687,迈越,迈越iMAX8,imax8quanjiaban
687,迈越,迈越威然,maiyueweiran
689,仰望,仰望U7,yangwangjiaoche
689,仰望,仰望U8,yangwangsuv
689,仰望,仰望U8L,yangwangu8l
689,仰望,仰望U9,yangwangu9
689,仰望,仰望U9 Xtreme,yangwangu9xtreme
692,翼刻,翼刻信,yikexin-9914
695,金琥汽车,金琥EV48,jinhuev48
695,金琥汽车,金琥EV70,jinhuev70
695,金琥汽车,金琥EV80,jinhuev80
697,大力牛魔王,大力牛魔王D01,daliniumowang01
697,大力牛魔王,大力牛魔王D02,daliniumowangd02
697,大力牛魔王,大力牛魔王D03,daliniumowangd03
697,大力牛魔王,大力牛魔王D05,daliniumowangd05
697,大力牛魔王,大力牛魔王D08,daliniumowangd08
698,SCOUT,Scout Terra,scoutpika
698,SCOUT,Scout Traveler,scoutsuv
701,LIMGENE凌际,凌际威途系列,lingjiweituxilie
701,LIMGENE凌际,凌际星云系列,lingjixingyunxilie
701,LIMGENE凌际,凌际见山系列,lingjijianshanxilie
702,小米汽车,小米SU7,xiaomisu7
702,小米汽车,小米SU7 Ultra,xiaomisu7ultra
702,小米汽车,小米Vision Gran Turismo,xiaomivgt
702,小米汽车,小米YU7,xiaomimx11
702,小米汽车,小米YU9,xiaomin3
703,拓锐斯特,拓锐斯特G20,tuoruisiteg20
703,拓锐斯特,拓锐斯特V-Class,tuoruisitevclass
703,拓锐斯特,拓锐斯特威霆,tuoruisiteweiting
706,东风御风,御风,yufenga100
706,东风御风,御风EM27,yufengem27
706,东风御风,御风EV,yufenga100ev
706,东风御风,御风工程系列,gongchengxilie
706,东风御风,御风旅居车,lvjuche
708,盛唐,盛唐北铃V-Class,shengtangvclass
710,国吉商用车,大象G30,daxiangg30
710,国吉商用车,大象G40,daxiangg40
712,阿尔特,Truck Mad,iatpika
725,未奥汽车,未奥BOMA,weiaoboma-10090
726,吉利银河,星愿,xingyuan
726,吉利银河,熊猫,jihem2
726,吉利银河,翼真L380,yizhen
726,吉利银河,银河A7 EM,yinhea7
726,吉利银河,银河A7 EV,yinhea7ev
726,吉利银河,银河E5,yinhee5
726,吉利银河,银河E8,yinhee8-10158
726,吉利银河,银河L5,yinhel5
726,吉利银河,银河L6,yinhel6
726,吉利银河,银河L7,jiligainianche
726,吉利银河,银河M7,yinhem7
726,吉利银河,银河M9,yinhel9
726,吉利银河,银河TT,yinhett
726,吉利银河,银河V900,yizhenv900
726,吉利银河,银河之光,yinhel7-10140
726,吉利银河,银河战舰700,yinhezhanjian
726,吉利银河,银河星耀6,yinhexingyao6
726,吉利银河,银河星耀7,yinhexingyao7
726,吉利银河,银河星耀8,yinhexingyaoemp
726,吉利银河,银河星舰7,xingjian7
728,克罗斯哈特,克罗斯哈特C-1,c1
730,江铃晶马汽车,江铃晶马E路福,jianglingjingmaelufu
730,江铃晶马汽车,江铃晶马福运,jianglingjingmafuyun
730,江铃晶马汽车,江铃晶马福运新能源,fuyunxinnengyuan
732,方程豹,FORMULA X,fangchengbaopaoche
732,方程豹,SHARK,hundongpika
732,方程豹,SUPER 9,bao9
732,方程豹,方程S,fangchengbaojiaoche
732,方程豹,豹5,biyadifsuv
732,方程豹,豹8,bao8
732,方程豹,钛3,bao3
732,方程豹,钛7,tai7
734,江淮钇为,江淮钇为3,jianghuaiyiwei3
734,江淮钇为,钇为爱跑,yiweiaipao
734,江淮钇为,钇为花仙子,yiweihuaxianzi
735,瑞弗,瑞弗T800,ruifut800
735,瑞弗,瑞弗V800,ruifuv800
735,瑞弗,瑞弗V820,ruifuv820
735,瑞弗,瑞弗启界R500,ruifuqijier500
735,瑞弗,瑞弗启界X500,ruifuqijiex500
737,蓝电,蓝电E3,landiane3
737,蓝电,蓝电E5,fengguange5
737,蓝电,蓝电E5 PLUS,landiane5plus
738,曹操,曹操60,fengyeyouxing6
739,超境汽车,CYBERP!CKUP,saibokaituozhe
739,超境汽车,共创iCAR V23,icarv23cyberspace
739,超境汽车,共创坦克300,gongchuangtanke300
739,超境汽车,共创山海T2,gongchuangshanhait2
739,超境汽车,共创纵横G700,gongchuangzonghengg700
740,长安启源,长安Lumin,nuoyumi
740,长安启源,长安启源A06,changanqiyuanc390
740,长安启源,长安启源A07,changanqiyuana07chundiandong
740,长安启源,长安启源E07,changancd701
740,长安启源,长安启源Q05,changanqiyuanq05-11958
740,长安启源,长安启源Q06,changanqiyuanq06e
740,长安启源,长安启源Q07,changanqiyuanc798
740,长安启源,长安猎手K50,changanqiyuank50
743,iCAR汽车,iCAR GT,qiruiicargt
743,iCAR汽车,iCAR V23皮卡,icarv23pika
743,iCAR汽车,iCAR V27,icarv23-11616
743,iCAR汽车,iCAR X25,icarx25
743,iCAR汽车,iCAR超级V23,icarv23
744,巴菲特,巴菲特600,bafeite600
744,巴菲特,巴菲特9,bafeite9
744,巴菲特,巴菲特S,bafeites
744,巴菲特,巴菲特星途,bafeitexingtu
744,巴菲特,巴菲特致雅,bafeitezhiya
746,北汽雷驰,雷驰·仁T10,leichirent10
746,北汽雷驰,雷驰·仁T30,beiqileichixiaoka
746,北汽雷驰,雷驰·信V70,leichixinv70
749,活越,活越神童01,huoyueshentong01
749,活越,活越神童03,huoyueshentong03
750,菱势汽车,菱势EV50,lingshiev50
750,菱势汽车,菱势G200,lingshig200
750,菱势汽车,菱势G200新能源,meiyalingshi
750,菱势汽车,菱势电卡,lingshidianka
750,菱势汽车,菱势黄金仓,lingshihuangjincang
750,菱势汽车,菱势黄金卡,lingshig200p
750,菱势汽车,菱势黄金小卡,lingshihuangjinxiaoka
750,菱势汽车,菱势黄金小卡Plus,lingshihuangjinxiaokaplus
750,菱势汽车,黄金大卡,huangjindaka
752,ROX 极石,极石01,shitou01
752,ROX 极石,极石ADAMAS,jishiadamas
754,广汽昊铂,昊铂A800,haoboa8
754,广汽昊铂,昊铂GT,aianhypergt
754,广汽昊铂,昊铂HL,haobohlhualong
754,广汽昊铂,昊铂HT,hyperht
754,广汽昊铂,昊铂S600,haobos600
754,广汽昊铂,昊铂SSR,hyperssr
756,前晨汽车,前晨iC1,qianchenic1
757,乐道,乐道L60,aerbeisisuv
757,乐道,乐道L80,ledaol80-11569
757,乐道,乐道L90,ledaol80
757,乐道,乐道纯电轿车,aerbeisichundianjiaoche
758,江淮汽车,DEFINE-S,yuanjinggainianche
758,江淮汽车,DEFINE-X,definex
758,江淮汽车,Van宝路,vanbaolu
758,江淮汽车,江淮A5 PLUS,jianghuaia5
758,江淮汽车,江淮QX PHEV,jianghuaiqx
758,江淮汽车,江淮X8 E家,jianghuaix8plusxinnengyuan
758,江淮汽车,江淮X8 PLUS,jianghuaix8plus
759,东风奕派,e-Truck,etruck
759,东风奕派,eπ2023,fengshene2023
759,东风奕派,eπ2024,e2024
759,东风奕派,奕派007,e007
759,东风奕派,奕派008,e008
759,东风奕派,奕派M8,em8
759,东风奕派,纳米01,nami01
759,东风奕派,纳米06,nami06
760,智界,智界R7,zhijier7
760,智界,智界S7,wenjieeh3
760,智界,智界V9,zhijiezhongdaxingmpv
761,拉帝,拉帝V-Class,ladivclass
763,维努斯,维努斯Sprinter,sibinte-5209
763,维努斯,维努斯V-Class,bochiweinusi
764,Silence,Silence S04,silences04
767,辅恒汽车,景飞牌212越野车,jingfeipai212yueyeche
767,辅恒汽车,景飞牌GT670,jingfeipaigt670
767,辅恒汽车,景飞牌M50,jingfeipaim50
767,辅恒汽车,景飞牌Z9旅居车,jingfeipaiz9lvjuche
767,辅恒汽车,景飞牌商务车,jingfeipaishangwuche
767,辅恒汽车,景飞牌游骑侠Ranger宿营车,jingfeipaisuyingche
767,辅恒汽车,景飞牌游骑侠Ranger旅居车,jingfeipailvjuche
767,辅恒汽车,景飞牌福特F-150旅居车,jingfeipaifutef150lvjuche
767,辅恒汽车,景飞牌福特烈马,jingfeipaifuteliema
767,辅恒汽车,景飞牌角斗士旅居车,jingfeipaijiaodoushilvjuche
767,辅恒汽车,景飞牌雅典纳,yadiannaturuiou
768,灵悉,灵悉L,lingxil
769,越界,露营大师7系,luyingdashi7xi
771,THK,THK LSR-05,thklsr05
773,吉祥汽车,吉祥AIR,jixiangair
778,世极,世极,fengtianshijisuv
779,鸿蒙智行,享界S9,xiangjies9
779,鸿蒙智行,享界S9T,xiangjies9t
779,鸿蒙智行,享界中大型SUV,xiangjiezhongdaxingsuv
779,鸿蒙智行,尊界S800,zunjie
779,鸿蒙智行,尊界V800,zunjiempv
779,鸿蒙智行,尚界H5,shangjiees39
779,鸿蒙智行,尚界Z7,shangjiez7
779,鸿蒙智行,尚界Z7T,shangjiez7t
779,鸿蒙智行,智界R7,zhijier7
779,鸿蒙智行,智界S7,wenjieeh3
779,鸿蒙智行,智界V9,zhijiezhongdaxingmpv
779,鸿蒙智行,问界M5,wenjiem5
779,鸿蒙智行,问界M6,wenjiem6
779,鸿蒙智行,问界M7,wenjiem7
779,鸿蒙智行,问界M8,wenjiem8
779,鸿蒙智行,问界M9,wenjiem9
780,礼骊汽车,礼骊VSTAR,lilivstar
780,礼骊汽车,礼骊V级,xingshi
780,礼骊汽车,礼骊威霆,liliweiting
782,玉柴,驭宝,yubao
782,玉柴,驭达V7,yudav7
783,烨,本田GT,bentiangt
785,恒信致远,恒信致远V级,hengxinzhiyuanvji
785,恒信致远,恒信致远威霆,hengxinzhiyuanweiting
804,firefly萤火虫,firefly萤火虫,yinghuochong-11362
805,骐蔚汽车,长江6号,changjiang6hao
805,骐蔚汽车,长江7号,changjiang7hao
805,骐蔚汽车,长江9号,changjiang9hao
805,骐蔚汽车,骐蔚EV7,qiweiev7
806,宝石星汽车,宝石星VS680,baoshixingvs680
806,宝石星汽车,宝石星VT680,baoshixingvt680
806,宝石星汽车,宝石星黑曼巴,futeheimanba
806,宝石星汽车,宝石星黑曼巴LM,heimanbalm
807,212,212 T01,212
807,212,212 T01 新能源,212t01xinnengyuan
807,212,212 T10,212t10
807,212,探境者01,212pika
808,星海狮,星海狮快运王EV1,xinghaishiweikaxinnengyuan
808,星海狮,星海狮快运王V2,xinghaishiweika
808,星海狮,星海狮快运王新能源,xinghaishiqichexinnengyuan-11148
815,KILOW,LA BAGNOLE,kilow-11280
816,Eon motors,Weez,weez
817,Ligier,Nouvelle JS50,nouvellejs50
819,奥迪AUDI,奥迪 E5 Sportback,shangqiaodigainianche
819,奥迪AUDI,奥迪E7X,aodiesuvgainianche
820,华东汽车,华东牌商务车,huadongpaishangwuche
821,予风汽车,予风EV50,yufengev50
821,予风汽车,予风黄金仓,yufenghuangjincang
822,星达,星达烈马,xingdaliema
823,高域,AirCab,aircab
823,高域,AirCar,gove
823,高域,AirJet,guangqifeixingqiche-11390
824,福田卡文汽车,乐福,kawenlefu
824,福田卡文汽车,乐迪,ledi
824,福田卡文汽车,乐途,letu-12271
826,仁拓博歌,博歌赛那,bogesainei
827,奇瑞风云,QQ冰淇淋,qqbingqilin
827,奇瑞风云,多米,qqduomi
827,奇瑞风云,奇瑞QQ3EV,qiruiqq3-11995
827,奇瑞风云,奇瑞QQ5,qiruiqq-11482
827,奇瑞风云,小蚂蚁,qiruieq1
827,奇瑞风云,风云A8,airuize8phev
827,奇瑞风云,风云A8L,fengyuna8l
827,奇瑞风云,风云A9,fengyune05
827,奇瑞风云,风云A9L,arrizostar
827,奇瑞风云,风云E06,fengyune06
827,奇瑞风云,风云T10,fengyunt10
827,奇瑞风云,风云T11,fengyunt11
827,奇瑞风云,风云T6,fengyunt6
827,奇瑞风云,风云T7,fengyunt7
827,奇瑞风云,风云T8,fengyunt8
827,奇瑞风云,风云T8L,fengyunt8l
827,奇瑞风云,风云T9,fengyunt9
827,奇瑞风云,风云T9L,fengyunt9l
827,奇瑞风云,风云X3,qiruix3
827,奇瑞风云,风云X3 PLUS,fengyunx3plus
827,奇瑞风云,风云X3L,qiruix3l
828,示界,示界06,fukang06
829,普曼·巅峰,天枢系列,tianshuxilie
829,普曼·巅峰,天玑系列,tianjixilie
829,普曼·巅峰,星曜系列,xingyaoxilie
830,魁士,睿吉馬Vito,ruijimavito
830,魁士,睿吉馬V级,ruijimavji
831,颢屹汽车,颢屹全顺,haoyiquanshun
831,颢屹汽车,颢屹福顺,haoyifushun
831,颢屹汽车,颢屹途睿欧,haoyituruiou
832,骏驰,骏驰EA,junchiea
832,骏驰,骏驰EK,junchi
832,骏驰,骏驰ET,junchiet
833,瑞一汽车,瑞一卡德加,ruiyisainei
834,富古汽车,Rocket,rocket
834,富古汽车,Summer,chuangweisummer
841,金龙礼宾车,迈凯宾-量子方舟,maikaibinliangzifangzhou
845,捷途山海,山海L10 C-DM,shanhail10cdm
845,捷途山海,山海L6,jietushanhail6
845,捷途山海,山海L7,jietushanhail7-10844
845,捷途山海,山海L7 PLUS,shanhail7plus
845,捷途山海,山海L9,shanhail9
845,捷途山海,山海T1,jietushanhait1
845,捷途山海,捷途旅行者8 C-DM,jietulvxingzhe8cdm
845,捷途山海,捷途旅行者C-DM,jietulvxingzhecdm
846,纵横,纵横F700,jietuzonghengf700
846,纵横,纵横G600,jietuzonghengg600
846,纵横,纵横G700,jietushanhait5
846,纵横,纵横G900,jietushanhait7
847,卡驰汽车,莎尔法,shaerfa
848,阿娜亚,奔驰Aetgo 1023,benchiaetgo1023
848,阿娜亚,阿娜亚依维柯6.5,yiweike65
848,阿娜亚,阿娜亚沃尔沃FMX 500,anayawoerwofmx500
848,阿娜亚,阿娜亚猛士MS600,anayamengshims600
852,九识,九识E6,jiushie6
852,九识,九识Z10,jiushiz10
852,九识,九识Z2,jiushiz2
852,九识,九识Z5,jiushiz5
852,九识,九识Z8,jiushiz8
855,货拉拉多拉,多拉3米8,duola3mi8
855,货拉拉多拉,多拉大面,duoladamian
855,货拉拉多拉,多拉小货,duolaxiaohuo
856,星程耀,星程耀图雅诺大麦,xingtu-11940
856,星程耀,星程耀火星7,xingtan
857,沃勒汽车,沃勒F-150猛禽凌枭,wolef150mengqinlingxiao
857,沃勒汽车,沃勒游骑侠Ranger旅居车,woleyouqixiarangerlvjuche
858,赫菲特,沃尔法海狮,woerfahaishi
858,赫菲特,赫菲特格瑞维亚,hefeitegeruiweiya
858,赫菲特,赫菲特赛那,hefeitesainei
858,赫菲特,赫菲特途睿欧,hefeiteturuiou
859,追觅,Nebula NEXT 01,zhuimipaoche
859,追觅,Nebula NEXT 01X,nebulanext01x
860,启境,启境GT7,qijingf05
860,启境,启境GX7,qijingf03
861,埃尚,iSee,isee
861,埃尚,埃尚,aishangaiooc
865,奕境,奕境X9,yijingdaxingsuv
866,驰远,拾光福祉车01,shiguangfuzhiche01
867,宏瑞汽车,MINCAR,mincar
869,比亚迪商用车,比亚迪B10,biyadib10
869,比亚迪商用车,比亚迪B12D,biyadib12d
869,比亚迪商用车,比亚迪B18,biyadib18
869,比亚迪商用车,比亚迪B6,biyadib6
869,比亚迪商用车,比亚迪B7,biyadib7
869,比亚迪商用车,比亚迪B85,biyadib85
869,比亚迪商用车,比亚迪B87,biyadib87
869,比亚迪商用车,比亚迪C11,biyadic11
869,比亚迪商用车,比亚迪Q3,biyadiq3qianyinche
869,比亚迪商用车,比亚迪SV14,sv14
869,比亚迪商用车,比亚迪T25,biyadit25
869,比亚迪商用车,比亚迪T31,biyadit31
870,领汇,领汇M9,linghuim9
870,领汇,领汇e3,linghuie3
870,领汇,领汇e5,linghuie5
870,领汇,领汇e7,linghuie7
870,领汇,领汇e9,linghuie9
872,华境,华境S,baojunhuajings
873,享界,享界S9,xiangjies9
873,享界,享界S9T,xiangjies9t
873,享界,享界中大型SUV,xiangjiezhongdaxingsuv
874,尊界,尊界S800,zunjie
874,尊界,尊界V800,zunjiempv
875,尚界,尚界H5,shangjiees39
875,尚界,尚界Z7,shangjiez7
875,尚界,尚界Z7T,shangjiez7t
876,Freelander神行者,神行者8,concept97
